"id";"event_id";"bib";"video_count";"videoname";"upload_time";"orientation";"screen_id";"played_time";"played";"detection_time";"detection";"ready";"approved";"trash";"remark"
"1";;"35122";"1";;"2025-09-17 08:23:58";"0";"1";NULL;"0";NULL;"0";"0";"1";"1";NULL
"2";;"24102";"1";"24102-1.mp4";"2025-09-17 11:23:18";"1";"1";NULL;"0";NULL;"0";"0";"1";"0";NULL
"3";;"13780";"1";"13780-1.mp4";"2025-09-19 15:41:42";"1";"1";NULL;"0";NULL;"0";"0";"1";"0";"Go Papa"
"4";;"6297";"1";"6297-1.mov";"2025-09-20 20:34:59";"2";"1";NULL;"0";NULL;"0";"0";"1";"0";NULL
"5";;"10651";"1";"10651-1.mov";"2025-09-24 10:48:33";"1";"1";NULL;"0";NULL;"0";"0";"1";"0";"Hund Eislecken"
"6";;"9059";"1";"9059-1.mov";"2025-09-24 11:48:14";"2";"1";NULL;"0";NULL;"0";"0";"1";"0";NULL
"7";;"8160";"1";"8160-1.MOV";"2025-09-24 13:29:20";"2";"1";NULL;"0";NULL;"0";"0";"1";"0";NULL
"8";;"2844";"1";"2844-1.mp4";"2025-09-24 17:28:37";"1";"1";NULL;"0";NULL;"0";"0";"1";"0";NULL
"9";;"19353";"1";"19353-1.mov";"2025-09-25 10:20:08";"1";"1";NULL;"0";NULL;"0";"0";"1";"0";"ohne Ton"
"10";;"7489";"1";"7489-1.mov";"2025-09-26 10:47:07";"2";"1";NULL;"0";NULL;"0";"0";"1";"0";NULL
"11";;"7489";"2";;"2025-09-26 10:47:09";"0";"1";NULL;"0";NULL;"0";"0";"1";"1";NULL
"12";;"4362";"1";"4362-1.mp4";"2025-09-26 15:57:00";"2";"1";NULL;"0";NULL;"0";"0";"1";"0";NULL
"13";;"20544";"1";"20544-1.mov";"2025-09-26 19:01:20";"2";"1";NULL;"0";NULL;"0";"0";"1";"0";NULL
"14";;"10194";"1";"10194-1.mov";"2025-09-27 11:46:23";"1";"1";NULL;"0";NULL;"0";"0";"1";"0";NULL
"15";;"20199";"1";;"2025-09-27 15:19:57";"0";"1";NULL;"0";NULL;"0";"0";"1";"1";NULL
"16";;"16303";"1";"16303-1.mp4";"2025-09-27 15:25:24";"1";"1";NULL;"0";NULL;"0";"0";"1";"0";NULL
"17";;"11157";"1";"11157-1.mov";"2025-09-27 15:28:27";"1";"1";NULL;"0";NULL;"0";"0";"1";"0";"Run for Fries"
"18";;"16304";"1";"16304-1.mp4";"2025-09-27 15:38:59";"1";"1";NULL;"0";NULL;"0";"0";"1";"0";NULL
"19";;"14071";"1";"14071-1.mp4";"2025-09-27 19:40:10";"1";"1";NULL;"0";NULL;"0";"0";"1";"0";"Kuhglocken"
"20";;"21288";"1";"21288-1.mov";"2025-09-28 09:35:26";"1";"1";NULL;"0";NULL;"0";"0";"1";"0";
"21";;"21288";"2";"21288-2.mov";"2025-09-28 09:37:00";"1";"1";NULL;"0";NULL;"0";"0";"1";"0";
"22";;"21288";"3";"21288-3.mov";"2025-09-28 09:37:47";"1";"1";NULL;"0";NULL;"0";"0";"1";"0";
"23";;"13242";"1";"13242-1.mp4";"2025-09-28 09:50:13";"1";"1";NULL;"0";NULL;"0";"0";"1";"0";"Mega!"
"24";;"16303";"2";"16303-2.mp4";"2025-09-28 11:41:21";"1";"1";NULL;"0";NULL;"0";"0";"1";"0";
"25";;"17866";"1";"17866-1.mp4";"2025-09-28 11:45:59";"2";"1";NULL;"0";NULL;"0";"0";"1";"0";
"26";;"17095";"1";"17095-1.mp4";"2025-09-28 11:46:20";"2";"1";NULL;"0";NULL;"0";"0";"1";"0";
"27";;"180";"1";;"2025-09-28 12:31:58";"2";"1";NULL;"0";NULL;"0";"0";"1";"1";"TEST"
"28";;"180";"2";;"2025-09-28 12:33:13";"2";"1";NULL;"0";NULL;"0";"0";"1";"1";"TEST"
"29";;"180";"3";;"2025-09-28 12:36:52";"1";"1";NULL;"0";NULL;"0";"0";"1";"1";"TEST"
"30";;"180";"4";;"2025-09-28 12:37:15";"2";"1";NULL;"0";NULL;"0";"0";"1";"1";"TEST"
"31";;"180";"5";"180-5.mov";"2025-09-28 12:48:59";"1";"1";NULL;"0";NULL;"0";"0";"1";"1";"TEST"
"32";;"14567";"1";"14567-1.mov";"2025-09-28 16:21:02";"2";"1";NULL;"0";NULL;"0";"0";"1";"0";"mit Musik"
"33";;"14572";"1";"14572-1.mov";"2025-09-28 16:21:43";"2";"1";NULL;"0";NULL;"0";"0";"1";"0";"mit Musik"
"34";;"6541";"1";"6541-1.mov";"2025-09-28 19:15:14";"2";"1";NULL;"0";NULL;"0";"0";"1";"0";"ohne Ton, aber aufwendig"
"35";;"14052";"1";"14052-1.mp4";"2025-09-28 21:07:25";"2";"1";NULL;"0";NULL;"0";"0";"1";"0";"Helga!"
"36";;"21185";"1";"21185-1.mp4";"2025-09-29 09:23:50";"1";"1";NULL;"0";NULL;"0";"0";"1";"1";
"37";;"28797";"1";"28797-1.mov";"2025-09-29 11:41:39";"1";"1";NULL;"0";NULL;"0";"0";"1";"0";
"38";;"32020";"1";"32020-1.mov";"2025-09-29 16:18:03";"1";"1";NULL;"0";NULL;"0";"0";"1";"0";"Kein Ton, aber süß!"
"39";;"29312";"1";"29312-1.mp4";"2025-09-29 17:52:37";"1";"1";NULL;"0";NULL;"0";"0";"1";"0";"Antrag!!!"
"40";;"29312";"2";"29312-2.mp4";"2025-09-29 17:55:09";"1";"1";NULL;"0";NULL;"0";"0";"1";"1";
"41";;"29312";"3";"29312-3.mp4";"2025-09-29 17:56:44";"1";"1";NULL;"0";NULL;"0";"0";"1";"1";
"42";;"9135";"1";"9135-1.mov";"2025-09-29 19:18:18";"1";"1";NULL;"0";NULL;"0";"0";"1";"0";
"43";;"18494";"1";"18494-1.mp4";"2025-09-29 23:03:38";"1";"1";NULL;"0";NULL;"0";"0";"1";"0";"Go Lena!"
"44";;"26820";"1";"26820-1.mov";"2025-09-30 08:25:59";"2";"1";NULL;"0";NULL;"0";"0";"1";"0";"Motivation mit Cola-Angel!"
"45";;"27910";"1";"27910-1.mov";"2025-09-30 08:26:31";"2";"1";NULL;"0";NULL;"0";"0";"1";"0";"Motivation mit Cola-Angel!"
"46";;"27910";"2";"27910-2.mov";"2025-09-30 08:29:12";"2";"1";NULL;"0";NULL;"0";"0";"1";"0";"Motivation mit Cola-Angel!"
"47";;"27907";"1";"27907-1.mov";"2025-09-30 08:29:32";"2";"1";NULL;"0";NULL;"0";"0";"1";"0";"Motivation mit Cola-Angel!"
"48";;"28122";"1";"28122-1.mov";"2025-09-30 08:29:52";"2";"1";NULL;"0";NULL;"0";"0";"1";"0";"Motivation mit Cola-Angel!"
"49";;"2783";"1";"2783-1.mov";"2025-09-30 09:33:11";"1";"1";NULL;"0";NULL;"0";"0";"1";"0";"Sehr nett!!"
"50";;"9974";"1";"9974-1.mp4";"2025-09-30 11:02:39";"1";"1";NULL;"0";NULL;"0";"0";"1";"0";"International!!!"
"51";;"24640";"1";"24640-1.mov";"2025-09-30 16:10:33";"1";"1";NULL;"0";NULL;"0";"0";"1";"0";
"52";;"24640";"2";"24640-2.mov";"2025-09-30 16:14:43";"1";"1";NULL;"0";NULL;"0";"0";"1";"0";
"53";;"24640";"3";"24640-3.mov";"2025-09-30 16:31:13";"2";"1";NULL;"0";NULL;"0";"0";"1";"0";
"54";;"33188";"1";"33188-1.mov";"2025-09-30 18:07:23";"2";"1";NULL;"0";NULL;"0";"0";"1";"0";"Grüße vom Rad"
"55";;"33188";"2";"33188-2.mov";"2025-09-30 18:08:02";"2";"1";NULL;"0";NULL;"0";"0";"1";"1";"doppelt"
"56";;"15564";"1";"15564-1.MOV";"2025-09-30 18:36:37";"1";"1";NULL;"0";NULL;"0";"0";"1";"0";"Gruß mit Pferd"
"57";;"10549";"1";"10549-1.mov";"2025-09-30 19:15:05";"1";"1";NULL;"0";NULL;"0";"0";"1";"0";"Süße Kids!!!"
"58";;"16197";"1";"16197-1.mov";"2025-10-01 07:42:23";"1";"1";NULL;"0";NULL;"0";"0";"1";"0";
"59";;"509";"1";"509-1.mov";"2025-10-01 07:49:55";"1";"1";NULL;"0";NULL;"0";"0";"1";"0";
"60";;"163";"1";"163-1.mov";"2025-10-01 07:55:41";"1";"1";NULL;"0";NULL;"0";"0";"1";"0";
"61";;"5519";"1";"5519-1.mp4";"2025-10-01 08:42:53";"1";"1";NULL;"0";NULL;"0";"0";"1";"0";"Hund"
"62";;"2779";"1";"2779-1.mp4";"2025-10-01 09:15:26";"1";"1";NULL;"0";NULL;"0";"0";"1";"0";
"63";;"12961";"1";"12961-1.mp4";"2025-10-01 10:10:17";"1";"1";NULL;"0";NULL;"0";"0";"1";"0";
"64";;"15564";"2";"15564-2.mov";"2025-10-01 10:27:27";"1";"1";NULL;"0";NULL;"0";"0";"1";"0";
"65";;"3621";"1";"3621-1.mov";"2025-10-01 11:01:29";"2";"1";NULL;"0";NULL;"0";"0";"1";"0";
"66";;"3521";"1";"3521-1.mov";"2025-10-01 11:01:56";"2";"1";NULL;"0";NULL;"0";"0";"1";"0";
"67";;"1236";"1";"1236-1.mov";"2025-10-01 11:19:55";"1";"1";NULL;"0";NULL;"0";"0";"1";"0";
"68";;"13184";"1";"13184-1.mov";"2025-10-01 11:20:48";"1";"1";NULL;"0";NULL;"0";"0";"1";"0";
"69";;"12828";"1";"12828-1.mov";"2025-10-01 11:21:29";"1";"1";NULL;"0";NULL;"0";"0";"1";"0";
"70";;"13158";"1";"13158-1.mov";"2025-10-01 11:22:01";"1";"1";NULL;"0";NULL;"0";"0";"1";"0";
"71";;"2779";"2";"2779-2.mp4";"2025-10-01 11:38:46";"1";"1";NULL;"0";NULL;"0";"0";"1";"0";
"72";;"2779";"3";"2779-3.mp4";"2025-10-01 11:51:53";"1";"1";NULL;"0";NULL;"0";"0";"1";"0";
"73";;"10538";"1";"10538-1.mov";"2025-10-01 12:16:00";"2";"1";NULL;"0";NULL;"0";"0";"1";"0";
"74";;"12961";"2";"12961-2.mov";"2025-10-01 12:36:52";"1";"1";NULL;"0";NULL;"0";"0";"1";"0";
"75";;"12961";"3";"12961-3.mov";"2025-10-01 12:36:55";"1";"1";NULL;"0";NULL;"0";"0";"1";"1";
"76";;"1499";"1";"1499-1.mp4";"2025-10-01 12:48:44";"2";"1";NULL;"0";NULL;"0";"0";"1";"0";
"77";;"1499";"2";"1499-2.mp4";"2025-10-01 12:48:57";"2";"1";NULL;"0";NULL;"0";"0";"1";"1";
"78";;"10662";"1";"10662-1.mov";"2025-10-01 13:18:53";"1";"1";NULL;"0";NULL;"0";"0";"1";"0";
"79";;"15117";"1";"15117-1.mp4";"2025-10-01 13:24:00";"1";"1";NULL;"0";NULL;"0";"0";"1";"0";
"80";;"22178";"1";"22178-1.mov";"2025-10-01 13:28:44";"1";"1";NULL;"0";NULL;"0";"0";"1";"0";
"81";;"13001";"1";"13001-1.mov";"2025-10-01 13:38:26";"1";"1";NULL;"0";NULL;"0";"0";"1";"0";"Ohne Ton"
"82";;"13001";"2";"13001-2.mov";"2025-10-01 13:38:28";"1";"1";NULL;"0";NULL;"0";"0";"1";"1";
"83";;"13001";"3";"13001-3.mov";"2025-10-01 13:38:29";"1";"1";NULL;"0";NULL;"0";"0";"1";"1";
"84";;"305";"1";"305-1.mov";"2025-10-01 14:13:02";"1";"1";NULL;"0";NULL;"0";"0";"1";"0";
"85";;"27947";"1";"27947-1.mov";"2025-10-01 14:25:46";"1";"1";NULL;"0";NULL;"0";"0";"1";"0";
"86";;"8900";"1";"8900-1.mov";"2025-10-01 14:39:21";"1";"1";NULL;"0";NULL;"0";"0";"1";"0";
"87";;"13150";"1";"13150-1.mov";"2025-10-01 14:45:22";"2";"1";NULL;"0";NULL;"0";"0";"1";"0";
"88";;"887";"1";"887-1.mov";"2025-10-01 14:54:15";"1";"1";NULL;"0";NULL;"0";"0";"1";"0";
"89";;"887";"2";"887-2.mov";"2025-10-01 14:54:18";"1";"1";NULL;"0";NULL;"0";"0";"1";"1";
"90";;"887";"3";"887-3.mov";"2025-10-01 14:54:24";"1";"1";NULL;"0";NULL;"0";"0";"1";"1";
"91";;"26104";"1";"26104-1.mov";"2025-10-01 14:58:12";"1";"1";NULL;"0";NULL;"0";"0";"1";"0";"Hund"
"92";;"26104";"2";"26104-2.mov";"2025-10-01 14:58:19";"1";"1";NULL;"0";NULL;"0";"0";"1";"1";
"93";;"6891";"1";"6891-1.mov";"2025-10-01 15:15:34";"1";"1";NULL;"0";NULL;"0";"0";"1";"0";"Hund"
"94";;"29052";"1";"29052-1.mov";"2025-10-01 15:18:16";"1";"1";NULL;"0";NULL;"0";"0";"1";"0";
"95";;"33444";"1";"33444-1.mp4";"2025-10-01 15:31:16";"1";"1";NULL;"0";NULL;"0";"0";"1";"0";"Langer Schnitt!"
"96";;"33443";"1";"33443-1.mp4";"2025-10-01 15:31:58";"1";"1";NULL;"0";NULL;"0";"0";"1";"1";
"97";;"9266";"1";"9266-1.mp4";"2025-10-01 16:52:07";"1";"1";NULL;"0";NULL;"0";"0";"1";"0";
"98";;"9266";"2";"9266-2.mp4";"2025-10-01 17:06:34";"1";"1";NULL;"0";NULL;"0";"0";"1";"0";
"99";;"10543";"1";"10543-1.mov";"2025-10-01 17:10:49";"2";"1";NULL;"0";NULL;"0";"0";"1";"0";
"100";;"10543";"2";"10543-2.mov";"2025-10-01 17:10:50";"2";"1";NULL;"0";NULL;"0";"0";"1";"1";
"101";;"3479";"1";"3479-1.mov";"2025-10-01 17:21:41";"1";"1";NULL;"0";NULL;"0";"0";"1";"0";"Konfetti"
"102";;"15117";"2";"15117-2.mov";"2025-10-01 17:27:50";"1";"1";NULL;"0";NULL;"0";"0";"1";"0";"International!"
"103";;"10815";"1";"10815-1.mov";"2025-10-01 17:45:01";"1";"1";NULL;"0";NULL;"0";"0";"1";"0";
"104";;"25406";"1";"25406-1.mp4";"2025-10-01 17:59:11";"1";"1";NULL;"0";NULL;"0";"0";"1";"0";
"105";;"10815";"2";"10815-2.mov";"2025-10-01 18:04:14";"1";"1";NULL;"0";NULL;"0";"0";"1";"0";
"106";;"4164";"1";"4164-1.mp4";"2025-10-01 18:13:01";"1";"1";NULL;"0";NULL;"0";"0";"1";"0";
"107";;"1816";"1";"1816-1.mov";"2025-10-01 18:57:58";"1";"1";NULL;"0";NULL;"0";"0";"1";"0";
"108";;"27207";"1";"27207-1.mov";"2025-10-01 19:07:00";"1";"1";NULL;"0";NULL;"0";"0";"1";"0";
"109";;"15117";"3";"15117-3.mp4";"2025-10-01 19:26:41";"1";"1";NULL;"0";NULL;"0";"0";"1";"0";
"110";;"15117";"4";"15117-4.mp4";"2025-10-01 19:26:45";"1";"1";NULL;"0";NULL;"0";"0";"1";"1";
"111";;"15117";"5";"15117-5.mp4";"2025-10-01 19:26:48";"1";"1";NULL;"0";NULL;"0";"0";"1";"1";
"112";;"18848";"1";"18848-1.mov";"2025-10-01 20:22:34";"2";"1";NULL;"0";NULL;"0";"0";"1";"0";
"113";;"5681";"1";"5681-1.mov";"2025-10-01 20:53:29";"1";"1";NULL;"0";NULL;"0";"0";"1";"0";
"114";;"5681";"2";"5681-2.mov";"2025-10-01 20:53:36";"1";"1";NULL;"0";NULL;"0";"0";"1";"0";"International kid"
"115";;"25703";"1";"25703-1.mov";"2025-10-01 20:59:20";"2";"1";NULL;"0";NULL;"0";"0";"1";"0";"Pilot"
"116";;"3160";"1";"3160-1.mov";"2025-10-01 21:09:05";"1";"1";NULL;"0";NULL;"0";"0";"1";"0";
"117";;"3160";"2";"3160-2.mov";"2025-10-01 21:09:06";"1";"1";NULL;"0";NULL;"0";"0";"1";"0";"International!!"
"118";;"8150";"1";"8150-1.mov";"2025-10-01 21:11:23";"1";"1";NULL;"0";NULL;"0";"0";"1";"0";
"119";;"25623";"1";"25623-1.mov";"2025-10-01 21:16:41";"1";"1";NULL;"0";NULL;"0";"0";"1";"0";
"120";;"29493";"1";"29493-1.mov";"2025-10-01 21:23:24";"1";"1";NULL;"0";NULL;"0";"0";"1";"0";
"121";;"1694";"1";"1694-1.mp4";"2025-10-01 21:26:56";"2";"1";NULL;"0";NULL;"0";"0";"1";"0";
"122";;"1713";"1";"1713-1.mp4";"2025-10-01 21:27:17";"2";"1";NULL;"0";NULL;"0";"0";"1";"0";
"123";;"1728";"1";"1728-1.mp4";"2025-10-01 21:27:41";"2";"1";NULL;"0";NULL;"0";"0";"1";"0";
"124";;"1743";"1";"1743-1.mp4";"2025-10-01 21:28:01";"2";"1";NULL;"0";NULL;"0";"0";"1";"0";
"125";;"1762";"1";"1762-1.mp4";"2025-10-01 21:28:21";"2";"1";NULL;"0";NULL;"0";"0";"1";"0";
"126";;"1765";"1";"1765-1.mp4";"2025-10-01 21:28:38";"2";"1";NULL;"0";NULL;"0";"0";"1";"0";
"127";;"2373";"1";"2373-1.mp4";"2025-10-01 21:29:26";"2";"1";NULL;"0";NULL;"0";"0";"1";"0";
"128";;"3385";"1";"3385-1.mp4";"2025-10-01 21:29:41";"2";"1";NULL;"0";NULL;"0";"0";"1";"0";
"129";;"9048";"1";"9048-1.mp4";"2025-10-01 21:30:00";"2";"1";NULL;"0";NULL;"0";"0";"1";"0";
"130";;"33436";"1";"33436-1.mp4";"2025-10-01 21:30:21";"2";"1";NULL;"0";NULL;"0";"0";"1";"0";"gruppe"
"131";;"28015";"1";"28015-1.mov";"2025-10-01 21:45:46";"1";"1";NULL;"0";NULL;"0";"0";"1";"0";
"132";;"17555";"1";"17555-1.mov";"2025-10-02 06:41:50";"1";"1";NULL;"0";NULL;"0";"0";"1";"0";
"133";;"2943";"1";"2943-1.mov";"2025-10-02 09:46:59";"2";"1";NULL;"0";NULL;"0";"0";"1";"0";"Podcast mit Banane"
"134";;"4945";"1";"4945-1.mov";"2025-10-02 09:48:21";"1";"1";NULL;"0";NULL;"0";"0";"1";"0";
"135";;"11364";"1";"11364-1.mp4";"2025-10-02 10:19:10";"1";"1";NULL;"0";NULL;"0";"0";"1";"0";
"136";;"2736";"1";"2736-1.mp4";"2025-10-02 10:26:33";"2";"1";NULL;"0";NULL;"0";"0";"1";"0";"Süße Kinder mit Zauberspruch!"
"137";;"28049";"1";"28049-1.mov";"2025-10-02 10:31:55";"1";"1";NULL;"0";NULL;"0";"0";"1";"0";
"138";;"22098";"1";"22098-1.mov";"2025-10-02 10:51:00";"1";"1";NULL;"0";NULL;"0";"0";"1";"0";
"139";;"14645";"1";"14645-1.mp4";"2025-10-02 11:01:38";"1";"1";NULL;"0";NULL;"0";"0";"1";"0";
"140";;"24691";"1";"24691-1.mov";"2025-10-02 11:10:57";"1";"1";NULL;"0";NULL;"0";"0";"1";"0";
"141";;"22986";"1";"22986-1.mp4";"2025-10-02 11:16:50";"2";"1";NULL;"0";NULL;"0";"0";"1";"0";"Team Kira"
"142";;"19356";"1";"19356-1.mp4";"2025-10-02 11:30:03";"1";"1";NULL;"0";NULL;"0";"0";"1";"0";"virtueller Power-Up Stern"
"143";;"299";"1";"299-1.MOV";"2025-10-02 11:46:47";"1";"1";NULL;"0";NULL;"0";"0";"1";"0";"Run Paul Run"
"144";;"3597";"1";"3597-1.MOV";"2025-10-02 11:49:13";"1";"1";NULL;"0";NULL;"0";"0";"1";"0";
"145";;"20695";"1";"20695-1.mov";"2025-10-02 11:55:30";"1";"1";NULL;"0";NULL;"0";"0";"1";"1";
"146";;"20695";"2";"20695-2.mov";"2025-10-02 11:55:41";"1";"1";NULL;"0";NULL;"0";"0";"1";"0";
"147";;"20695";"3";"20695-3.mov";"2025-10-02 11:55:52";"1";"1";NULL;"0";NULL;"0";"0";"1";"0";
"148";;"4734";"1";"4734-1.mov";"2025-10-02 12:14:08";"1";"1";NULL;"0";NULL;"0";"0";"1";"0";"Kühlschrankmetapher"
"149";;"23643";"1";"23643-1.mp4";"2025-10-02 12:16:57";"1";"1";NULL;"0";NULL;"0";"0";"1";"0";
"150";;"4343";"1";"4343-1.mov";"2025-10-02 12:21:20";"1";"1";NULL;"0";NULL;"0";"0";"1";"0";
"151";;"23128";"1";"23128-1.mov";"2025-10-02 12:30:51";"1";"1";NULL;"0";NULL;"0";"0";"1";"0";"Lustig"
"152";;"1031";"1";"1031-1.mp4";"2025-10-02 12:51:46";"1";"1";NULL;"0";NULL;"0";"0";"1";"0";"Süß"
"153";;"5869";"1";"5869-1.mp4";"2025-10-02 13:22:20";"1";"1";NULL;"0";NULL;"0";"0";"1";"1";
"154";;"5869";"2";"5869-2.mp4";"2025-10-02 13:22:34";"1";"1";NULL;"0";NULL;"0";"0";"1";"1";
"155";;"2072";"1";"2072-1.mov";"2025-10-02 13:22:55";"1";"1";NULL;"0";NULL;"0";"0";"1";"0";
"156";;"2072";"2";"2072-2.mov";"2025-10-02 13:22:57";"1";"1";NULL;"0";NULL;"0";"0";"1";"1";
"157";;"305";"2";"305-2.mov";"2025-10-02 13:51:18";"1";"1";NULL;"0";NULL;"0";"0";"1";"0";
"158";;"12850";"1";"12850-1.mp4";"2025-10-02 13:54:05";"1";"1";NULL;"0";NULL;"0";"0";"1";"0";"Laufender Feuerwehrmann mit Feuerwehrkostüm"
"159";;"33524";"1";"33524-1.mov";"2025-10-02 13:57:50";"1";"1";NULL;"0";NULL;"0";"0";"1";"0";
"160";;"29427";"1";"29427-1.mp4";"2025-10-02 13:59:08";"1";"1";NULL;"0";NULL;"0";"0";"1";"0";
"161";;"28093";"1";"28093-1.mp4";"2025-10-02 14:18:42";"1";"1";NULL;"0";NULL;"0";"0";"1";"0";
"162";;"9780";"1";"9780-1.mov";"2025-10-02 14:19:13";"2";"1";NULL;"0";NULL;"0";"0";"1";"0";
"163";;"21178";"1";"21178-1.mov";"2025-10-02 14:27:51";"1";"1";NULL;"0";NULL;"0";"0";"1";"0";
"164";;"14689";"1";"14689-1.mp4";"2025-10-02 14:28:34";"1";"1";NULL;"0";NULL;"0";"0";"1";"0";"Chemikerin im Labor"
"165";;"21178";"2";"21178-2.mov";"2025-10-02 14:30:07";"1";"1";NULL;"0";NULL;"0";"0";"1";"0";
"166";;"3809";"1";"3809-1.mov";"2025-10-02 14:32:16";"1";"1";NULL;"0";NULL;"0";"0";"1";"0";
"167";;"4775";"1";"4775-1.mov";"2025-10-02 14:33:21";"2";"1";NULL;"0";NULL;"0";"0";"1";"0";"Fußballmannschaft"
"168";;"7364";"1";"7364-1.mov";"2025-10-02 14:39:29";"1";"1";NULL;"0";NULL;"0";"0";"1";"0";
"169";;"7364";"2";"7364-2.mov";"2025-10-02 14:39:35";"1";"1";NULL;"0";NULL;"0";"0";"1";"0";
"170";;"12980";"1";"12980-1.mov";"2025-10-02 14:39:37";"2";"1";NULL;"0";NULL;"0";"0";"1";"0";"Blitzer"
"171";;"26468";"1";"26468-1.mov";"2025-10-02 14:40:18";"2";"1";NULL;"0";NULL;"0";"0";"1";"0";"""Die Ampel ist grün, du schaffst das"""
"172";;"4552";"1";"4552-1.mp4";"2025-10-02 14:41:33";"1";"1";NULL;"0";NULL;"0";"0";"1";"0";
"173";;"10968";"1";"10968-1.mp4";"2025-10-02 14:47:27";"1";"1";NULL;"0";NULL;"0";"0";"1";"0";"Freddie Mercury Immitat"
"174";;"10967";"1";"10967-1.mp4";"2025-10-02 14:51:57";"2";"1";NULL;"0";NULL;"0";"0";"1";"0";"Konzert von Bruce Springsteen (Born to Run)"
"175";;"8462";"1";"8462-1.mov";"2025-10-02 14:59:06";"1";"1";NULL;"0";NULL;"0";"0";"1";"0";
"176";;"33147";"1";"33147-1.mov";"2025-10-02 15:18:23";"2";"1";NULL;"0";NULL;"0";"0";"1";"0";"Super-Papa (sehr kreativ)"
"177";;"4242";"1";"4242-1.mp4";"2025-10-02 15:44:10";"1";"1";NULL;"0";NULL;"0";"0";"1";"0";
"178";;"932";"1";"932-1.mov";"2025-10-02 15:44:34";"1";"1";NULL;"0";NULL;"0";"0";"1";"0";"Hund mit Sonnenbrille"
"179";;"21189";"1";"21189-1.mov";"2025-10-02 18:18:28";"1";"1";NULL;"0";NULL;"0";"0";"1";"0";
"180";;"305";"3";"305-3.mp4";"2025-10-02 18:21:53";"2";"1";NULL;"0";NULL;"0";"0";"1";"0";
"181";;"305";"4";"305-4.mov";"2025-10-02 18:37:02";"1";"1";NULL;"0";NULL;"0";"0";"1";"0";
"182";;"21018";"1";"21018-1.MOV";"2025-10-02 18:45:16";"1";"1";NULL;"0";NULL;"0";"0";"1";"0";
"183";;"22592";"1";"22592-1.mp4";"2025-10-02 18:46:50";"1";"1";NULL;"0";NULL;"0";"0";"1";"0";
"184";;"25978";"1";"25978-1.mov";"2025-10-02 18:54:13";"1";"1";NULL;"0";NULL;"0";"0";"1";"0";
"185";;"2779";"4";"2779-4.mov";"2025-10-02 18:59:58";"1";"1";NULL;"0";NULL;"0";"0";"1";"0";
"186";;"18509";"1";"18509-1.mp4";"2025-10-02 19:03:14";"1";"1";NULL;"0";NULL;"0";"0";"1";"0";
"187";;"2272";"1";"2272-1.mp4";"2025-10-02 19:06:32";"1";"1";NULL;"0";NULL;"0";"0";"1";"0";
"188";;"3369";"1";"3369-1.mp4";"2025-10-02 19:06:39";"2";"1";NULL;"0";NULL;"0";"0";"1";"0";
"189";;"14689";"2";"14689-2.mp4";"2025-10-02 19:07:43";"2";"1";NULL;"0";NULL;"0";"0";"1";"0";
"190";;"22592";"2";"22592-2.mp4";"2025-10-02 19:08:52";"1";"1";NULL;"0";NULL;"0";"0";"1";"1";
"191";;"4394";"1";"4394-1.mov";"2025-10-02 19:09:04";"1";"1";NULL;"0";NULL;"0";"0";"1";"0";
"192";;"18046";"1";"18046-1.mp4";"2025-10-02 19:09:21";"1";"1";NULL;"0";NULL;"0";"0";"1";"0";
"193";;"15564";"3";"15564-3.mp4";"2025-10-02 19:10:01";"1";"1";NULL;"0";NULL;"0";"0";"1";"0";
"194";;"4394";"2";"4394-2.mov";"2025-10-02 19:13:34";"1";"1";NULL;"0";NULL;"0";"0";"1";"0";
"195";;"25328";"1";"25328-1.mov";"2025-10-02 19:16:01";"1";"1";NULL;"0";NULL;"0";"0";"1";"0";"mit Hund"
"196";;"6433";"1";"6433-1.mov";"2025-10-02 19:20:02";"2";"1";NULL;"0";NULL;"0";"0";"1";"0";
"197";;"20292";"1";"20292-1.mov";"2025-10-02 19:22:37";"1";"1";NULL;"0";NULL;"0";"0";"1";"0";
"198";;"28015";"2";"28015-2.mov";"2025-10-02 19:32:48";"1";"1";NULL;"0";NULL;"0";"0";"1";"0";
"199";;"2844";"2";"2844-2.mp4";"2025-10-02 19:55:03";"1";"1";NULL;"0";NULL;"0";"0";"1";"0";
"200";;"9958";"1";"9958-1.mov";"2025-10-02 19:57:19";"1";"1";NULL;"0";NULL;"0";"0";"1";"0";
"201";;"25804";"1";"25804-1.mov";"2025-10-02 19:59:00";"1";"1";NULL;"0";NULL;"0";"0";"1";"0";
"202";;"15564";"4";"15564-4.mp4";"2025-10-02 20:37:07";"1";"1";NULL;"0";NULL;"0";"0";"1";"0";
"203";;"12656";"1";"12656-1.mov";"2025-10-02 20:54:44";"1";"1";NULL;"0";NULL;"0";"0";"1";"0";
"204";;"8245";"1";"8245-1.mov";"2025-10-02 20:59:16";"1";"1";NULL;"0";NULL;"0";"0";"1";"0";
"205";;"5558";"1";"5558-1.mp4";"2025-10-02 20:59:21";"1";"1";NULL;"0";NULL;"0";"0";"1";"0";
"206";;"5558";"2";"5558-2.mp4";"2025-10-02 21:00:15";"1";"1";NULL;"0";NULL;"0";"0";"1";"1";
"207";;"5993";"1";"5993-1.mp4";"2025-10-02 21:05:50";"1";"1";NULL;"0";NULL;"0";"0";"1";"0";
"208";;"10577";"1";"10577-1.mov";"2025-10-02 21:38:57";"1";"1";NULL;"0";NULL;"0";"0";"1";"0";
"209";;"932";"2";"932-2.mov";"2025-10-02 21:43:28";"1";"1";NULL;"0";NULL;"0";"0";"1";"0";
"210";;"14285";"1";"14285-1.mp4";"2025-10-02 21:48:55";"1";"1";NULL;"0";NULL;"0";"0";"1";"0";
"211";;"29573";"1";"29573-1.mov";"2025-10-02 21:49:14";"1";"1";NULL;"0";NULL;"0";"0";"1";"0";
"212";;"3955";"1";"3955-1.mov";"2025-10-02 21:50:13";"2";"1";NULL;"0";NULL;"0";"0";"1";"0";
"213";;"5787";"1";"5787-1.MOV";"2025-10-02 21:57:16";"1";"1";NULL;"0";NULL;"0";"0";"1";"0";
"214";;"8639";"1";"8639-1.mp4";"2025-10-02 22:07:13";"2";"1";NULL;"0";NULL;"0";"0";"1";"0";
"215";;"8062";"1";"8062-1.mp4";"2025-10-02 22:08:49";"2";"1";NULL;"0";NULL;"0";"0";"1";"0";
"216";;"29751";"1";"29751-1.mp4";"2025-10-02 22:24:17";"2";"1";NULL;"0";NULL;"0";"0";"1";"0";
"217";;"8639";"2";"8639-2.mp4";"2025-10-02 22:28:03";"2";"1";NULL;"0";NULL;"0";"0";"1";"1";
"218";;"29751";"2";"29751-2.mp4";"2025-10-02 22:42:31";"2";"1";NULL;"0";NULL;"0";"0";"1";"0";
"219";;"3665";"1";"3665-1.mov";"2025-10-02 22:59:04";"2";"1";NULL;"0";NULL;"0";"0";"1";"0";
"220";;"6873";"1";"6873-1.MOV";"2025-10-02 23:00:20";"1";"1";NULL;"0";NULL;"0";"0";"1";"0";
"221";;"29514";"1";"29514-1.mov";"2025-10-02 23:27:34";"1";"1";NULL;"0";NULL;"0";"0";"1";"0";
"222";;"29514";"2";"29514-2.mov";"2025-10-02 23:29:07";"1";"1";NULL;"0";NULL;"0";"0";"1";"0";
"223";;"12633";"1";"12633-1.MOV";"2025-10-02 23:34:36";"1";"1";NULL;"0";NULL;"0";"0";"1";"0";
"224";;"29063";"1";"29063-1.MP4";"2025-10-02 23:35:58";"1";"1";NULL;"0";NULL;"0";"0";"1";"0";
"225";;"29066";"1";"29066-1.MOV";"2025-10-02 23:39:52";"1";"1";NULL;"0";NULL;"0";"0";"1";"0";
"226";;"176";"1";"176-1.mov";"2025-10-03 00:45:29";"1";"1";NULL;"0";"2025-10-04 15:50:34";"1";"1";"1";"0";
"227";;"14567";"2";"14567-2.mp4";"2025-10-03 04:40:03";"1";"1";NULL;"0";NULL;"0";"0";"1";"1";
"228";;"14572";"2";"14572-2.mp4";"2025-10-03 04:40:30";"1";"1";NULL;"0";NULL;"0";"0";"1";"0";
"229";;"14572";"3";"14572-3.mp4";"2025-10-03 04:40:54";"1";"1";NULL;"0";NULL;"0";"0";"1";"1";
"230";;"32720";"1";"32720-1.mp4";"2025-10-03 07:41:20";"1";"1";NULL;"0";NULL;"0";"0";"1";"0";
"231";;"32720";"2";"32720-2.mp4";"2025-10-03 07:45:42";"1";"1";NULL;"0";NULL;"0";"0";"1";"1";
"232";;"2822";"1";"2822-1.mp4";"2025-10-03 07:58:20";"2";"1";NULL;"0";NULL;"0";"0";"1";"0";
"233";;"4242";"2";"4242-2.mp4";"2025-10-03 08:07:22";"1";"1";NULL;"0";NULL;"0";"0";"1";"0";
"234";;"22080";"1";"22080-1.mp4";"2025-10-03 08:08:35";"2";"1";NULL;"0";NULL;"0";"0";"1";"0";"dunkel"
"235";;"2367";"1";"2367-1.mov";"2025-10-03 08:51:14";"1";"1";NULL;"0";NULL;"0";"0";"1";"0";"nice! aufwendig"
"236";;"27714";"1";"27714-1.mov";"2025-10-03 08:57:13";"1";"1";NULL;"0";NULL;"0";"0";"1";"0";
"237";;"27714";"2";"27714-2.mov";"2025-10-03 08:59:29";"1";"1";NULL;"0";NULL;"0";"0";"1";"1";
"238";;"3239";"1";"3239-1.mov";"2025-10-03 09:11:39";"1";"1";NULL;"0";NULL;"0";"0";"1";"0";
"239";;"29514";"3";"29514-3.mov";"2025-10-03 09:17:29";"1";"1";NULL;"0";NULL;"0";"0";"1";"0";
"240";;"3790";"1";"3790-1.mp4";"2025-10-03 09:33:37";"1";"1";NULL;"0";NULL;"0";"0";"1";"0";
"241";;"3790";"2";"3790-2.mp4";"2025-10-03 09:33:40";"1";"1";NULL;"0";NULL;"0";"0";"1";"1";
"242";;"29297";"1";"29297-1.mp4";"2025-10-03 09:46:08";"1";"1";NULL;"0";NULL;"0";"0";"1";"0";
"243";;"15054";"1";"15054-1.mp4";"2025-10-03 09:49:54";"1";"1";NULL;"0";NULL;"0";"0";"1";"0";
"244";;"28499";"1";"28499-1.mp4";"2025-10-03 09:52:57";"2";"1";NULL;"0";NULL;"0";"0";"1";"0";
"245";;"11157";"2";"11157-2.mov";"2025-10-03 10:05:32";"1";"1";NULL;"0";NULL;"0";"0";"1";"0";
"246";;"22874";"1";"22874-1.mov";"2025-10-03 10:11:14";"2";"1";NULL;"0";NULL;"0";"0";"1";"0";
"247";;"15798";"1";"15798-1.mov";"2025-10-03 10:12:06";"2";"1";NULL;"0";NULL;"0";"0";"1";"0";
"248";;"11157";"3";"11157-3.mov";"2025-10-03 10:23:12";"1";"1";NULL;"0";NULL;"0";"0";"1";"0";
"249";;"13421";"1";"13421-1.mov";"2025-10-03 10:42:35";"1";"1";NULL;"0";NULL;"0";"0";"1";"0";
"250";;"3024";"1";"3024-1.mov";"2025-10-03 10:57:07";"2";"1";NULL;"0";NULL;"0";"0";"1";"0";
"251";;"3024";"2";"3024-2.mov";"2025-10-03 10:57:09";"2";"1";NULL;"0";NULL;"0";"0";"1";"1";
"252";;"532";"1";"532-1.mov";"2025-10-03 10:58:22";"1";"1";NULL;"0";NULL;"0";"0";"1";"0";
"253";;"5833";"1";"5833-1.mov";"2025-10-03 11:03:21";"1";"1";NULL;"0";NULL;"0";"0";"1";"0";
"254";;"21397";"1";"21397-1.mp4";"2025-10-03 11:08:54";"1";"1";NULL;"0";NULL;"0";"0";"1";"0";
"255";;"21397";"2";"21397-2.mp4";"2025-10-03 11:09:07";"1";"1";NULL;"0";NULL;"0";"0";"1";"1";
"256";;"176";"2";"176-2.mov";"2025-10-03 11:12:21";"1";"1";NULL;"0";"2025-10-04 15:50:34";"1";"1";"1";"0";
"257";;"27694";"1";"27694-1.mov";"2025-10-03 11:12:56";"1";"1";NULL;"0";NULL;"0";"0";"1";"0";
"258";;"10339";"1";"10339-1.MOV";"2025-10-03 11:14:56";"2";"1";NULL;"0";NULL;"0";"0";"1";"0";
"259";;"10311";"1";"10311-1.MOV";"2025-10-03 11:15:32";"2";"1";NULL;"0";NULL;"0";"0";"1";"0";
"260";;"5474";"1";"5474-1.mov";"2025-10-03 11:19:07";"1";"1";NULL;"0";NULL;"0";"0";"1";"0";
"261";;"35012";"1";"35012-1.mov";"2025-10-03 11:22:01";"1";"1";NULL;"0";NULL;"0";"0";"1";"0";
"262";;"35014";"1";"35014-1.mov";"2025-10-03 11:23:01";"1";"1";NULL;"0";NULL;"0";"0";"1";"1";
"263";;"14476";"1";"14476-1.mp4";"2025-10-03 11:23:42";"2";"1";NULL;"0";NULL;"0";"0";"1";"0";"Kuh"
"264";;"12066";"1";"12066-1.mp4";"2025-10-03 11:24:01";"1";"1";NULL;"0";NULL;"0";"0";"1";"0";"Hund mit Supportern"
"265";;"5474";"2";"5474-2.mov";"2025-10-03 11:29:32";"1";"1";NULL;"0";NULL;"0";"0";"1";"0";
"266";;"12612";"1";"12612-1.mp4";"2025-10-03 11:30:00";"2";"1";NULL;"0";NULL;"0";"0";"1";"0";
"267";;"29599";"1";"29599-1.mp4";"2025-10-03 11:31:12";"1";"1";NULL;"0";NULL;"0";"0";"1";"0";
"268";;"12612";"2";"12612-2.mp4";"2025-10-03 11:32:00";"2";"1";NULL;"0";NULL;"0";"0";"1";"0";
"269";;"1877";"1";"1877-1.mp4";"2025-10-03 11:37:40";"2";"1";NULL;"0";"2025-10-04 15:52:30";"1";"1";"1";"0";
"270";;"33359";"1";"33359-1.mov";"2025-10-03 11:39:17";"1";"1";NULL;"0";NULL;"0";"0";"1";"0";
"271";;"33147";"2";"33147-2.mov";"2025-10-03 11:42:56";"1";"1";NULL;"0";NULL;"0";"0";"1";"0";
"272";;"28164";"1";"28164-1.MOV";"2025-10-03 11:48:27";"1";"1";NULL;"0";NULL;"0";"0";"1";"0";
"273";;"12340";"1";"12340-1.mp4";"2025-10-03 11:50:16";"1";"1";NULL;"0";NULL;"0";"0";"1";"0";"creepy Katzen"
"274";;"28260";"1";"28260-1.mov";"2025-10-03 12:00:01";"2";"1";NULL;"0";NULL;"0";"0";"1";"0";
"275";;"5326";"1";"5326-1.mov";"2025-10-03 12:15:13";"1";"1";NULL;"0";NULL;"0";"0";"1";"0";
"276";;"5064";"1";"5064-1.mov";"2025-10-03 12:26:07";"2";"1";NULL;"0";NULL;"0";"0";"1";"0";
"277";;"5326";"2";"5326-2.mov";"2025-10-03 12:28:09";"1";"1";NULL;"0";NULL;"0";"0";"1";"0";
"278";;"5326";"3";"5326-3.mov";"2025-10-03 12:28:30";"1";"1";NULL;"0";NULL;"0";"0";"1";"1";
"279";;"8979";"1";"8979-1.mp4";"2025-10-03 12:33:59";"1";"1";NULL;"0";NULL;"0";"0";"1";"0";
"280";;"10333";"1";"10333-1.mp4";"2025-10-03 12:37:37";"1";"1";NULL;"0";NULL;"0";"0";"1";"0";
"281";;"5845";"1";"5845-1.mov";"2025-10-03 12:41:45";"1";"1";NULL;"0";NULL;"0";"0";"1";"0";
"282";;"33043";"1";"33043-1.mp4";"2025-10-03 12:45:38";"1";"1";NULL;"0";NULL;"0";"0";"1";"0";
"283";;"11318";"1";"11318-1.mov";"2025-10-03 12:58:25";"1";"1";NULL;"0";NULL;"0";"0";"1";"0";
"284";;"33147";"3";"33147-3.mp4";"2025-10-03 13:04:42";"2";"1";NULL;"0";NULL;"0";"0";"1";"0";
"285";;"532";"2";"532-2.mov";"2025-10-03 13:05:09";"1";"1";NULL;"0";NULL;"0";"0";"1";"1";
"286";;"21397";"3";"21397-3.mov";"2025-10-03 13:05:55";"1";"1";NULL;"0";NULL;"0";"0";"1";"0";
"287";;"22267";"1";"22267-1.mov";"2025-10-03 13:14:12";"1";"1";NULL;"0";NULL;"0";"0";"1";"0";
"288";;"22267";"2";"22267-2.mov";"2025-10-03 13:14:22";"1";"1";NULL;"0";NULL;"0";"0";"1";"1";
"289";;"2779";"5";"2779-5.mp4";"2025-10-03 13:15:03";"2";"1";NULL;"0";NULL;"0";"0";"1";"0";
"290";;"19696";"1";"19696-1.mov";"2025-10-03 13:18:45";"2";"1";NULL;"0";NULL;"0";"0";"1";"0";
"291";;"12633";"2";"12633-2.mov";"2025-10-03 13:25:19";"1";"1";NULL;"0";NULL;"0";"0";"1";"0";"Für Oma Antje"
"292";;"12633";"3";"12633-3.mov";"2025-10-03 13:26:04";"1";"1";NULL;"0";NULL;"0";"0";"1";"1";
"293";;"12633";"4";"12633-4.mov";"2025-10-03 13:28:19";"1";"1";NULL;"0";NULL;"0";"0";"1";"1";
"294";;"12628";"1";"12628-1.mov";"2025-10-03 13:30:04";"1";"1";NULL;"0";NULL;"0";"0";"1";"0";"Für Opa Hermann"
"295";;"29066";"2";"29066-2.mov";"2025-10-03 13:33:22";"1";"1";NULL;"0";NULL;"0";"0";"1";"0";
"296";;"29066";"3";"29066-3.mov";"2025-10-03 13:33:29";"1";"1";NULL;"0";NULL;"0";"0";"1";"1";
"297";;"25103";"1";"25103-1.mov";"2025-10-03 13:34:06";"1";"1";NULL;"0";NULL;"0";"0";"1";"0";
"298";;"14955";"1";"14955-1.mov";"2025-10-03 13:34:30";"1";"1";NULL;"0";NULL;"0";"0";"1";"0";
"299";;"4863";"1";"4863-1.mov";"2025-10-03 13:43:45";"2";"1";NULL;"0";NULL;"0";"0";"1";"0";
"300";;"35121";"1";"35121-1.mov";"2025-10-03 13:49:52";"1";"1";NULL;"0";NULL;"0";"0";"1";"0";
"301";;"11163";"1";"11163-1.mp4";"2025-10-03 13:51:12";"2";"1";NULL;"0";NULL;"0";"0";"1";"0";"happy birthday"
"302";;"628";"1";"628-1.mov";"2025-10-03 13:51:48";"1";"1";NULL;"0";NULL;"0";"0";"1";"0";
"303";;"352";"1";"352-1.mp4";"2025-10-03 13:55:02";"2";"1";NULL;"0";NULL;"0";"0";"1";"1";
"304";;"871";"1";"871-1.mov";"2025-10-03 13:55:02";"1";"1";NULL;"0";NULL;"0";"0";"1";"0";
"305";;"348";"1";"348-1.mp4";"2025-10-03 13:55:17";"2";"1";NULL;"0";NULL;"0";"0";"1";"0";
"306";;"8912";"1";"8912-1.mov";"2025-10-03 13:58:05";"2";"1";NULL;"0";NULL;"0";"0";"1";"1";
"307";;"6873";"2";"6873-2.mov";"2025-10-03 13:59:19";"2";"1";NULL;"0";NULL;"0";"0";"1";"0";
"308";;"6873";"3";"6873-3.mov";"2025-10-03 13:59:48";"1";"1";NULL;"0";NULL;"0";"0";"1";"1";
"309";;"6873";"4";"6873-4.mov";"2025-10-03 13:59:49";"1";"1";NULL;"0";NULL;"0";"0";"1";"0";
"310";;"6873";"5";"6873-5.mov";"2025-10-03 14:00:14";"1";"1";NULL;"0";NULL;"0";"0";"1";"0";
"311";;"5833";"2";"5833-2.mp4";"2025-10-03 14:00:15";"1";"1";NULL;"0";NULL;"0";"0";"1";"0";
"312";;"6873";"6";"6873-6.mov";"2025-10-03 14:01:42";"1";"1";NULL;"0";NULL;"0";"0";"1";"0";
"313";;"6873";"7";"6873-7.mov";"2025-10-03 14:02:49";"1";"1";NULL;"0";NULL;"0";"0";"1";"0";
"314";;"8912";"2";"8912-2.mov";"2025-10-03 14:06:34";"2";"1";NULL;"0";NULL;"0";"0";"1";"0";
"315";;"4242";"3";"4242-3.mov";"2025-10-03 14:07:36";"1";"1";NULL;"0";NULL;"0";"0";"1";"0";
"316";;"6873";"8";"6873-8.mov";"2025-10-03 14:08:20";"1";"1";NULL;"0";NULL;"0";"0";"1";"0";
"317";;"6873";"9";"6873-9.mov";"2025-10-03 14:08:30";"1";"1";NULL;"0";NULL;"0";"0";"1";"1";
"318";;"6873";"10";"6873-10.mov";"2025-10-03 14:08:54";"1";"1";NULL;"0";NULL;"0";"0";"1";"0";
"319";;"6873";"11";"6873-11.mov";"2025-10-03 14:12:28";"1";"1";NULL;"0";NULL;"0";"0";"1";"0";
"320";;"20869";"1";"20869-1.mov";"2025-10-03 14:12:57";"1";"1";NULL;"0";NULL;"0";"0";"1";"0";"international"
"321";;"6873";"12";"6873-12.mov";"2025-10-03 14:13:59";"1";"1";NULL;"0";NULL;"0";"0";"1";"0";
"322";;"6873";"13";"6873-13.mov";"2025-10-03 14:14:23";"1";"1";NULL;"0";NULL;"0";"0";"1";"1";
"323";;"6873";"14";"6873-14.mov";"2025-10-03 14:16:27";"1";"1";NULL;"0";NULL;"0";"0";"1";"0";
"324";;"7569";"1";"7569-1.mov";"2025-10-03 14:16:30";"2";"1";NULL;"0";NULL;"0";"0";"1";"0";
"325";;"7569";"2";"7569-2.mov";"2025-10-03 14:16:33";"2";"1";NULL;"0";NULL;"0";"0";"1";"1";
"326";;"33359";"2";"33359-2.mov";"2025-10-03 14:17:57";"1";"1";NULL;"0";NULL;"0";"0";"1";"0";
"327";;"35121";"2";"35121-2.mov";"2025-10-03 14:18:01";"1";"1";NULL;"0";NULL;"0";"0";"1";"1";
"328";;"6873";"15";"6873-15.mov";"2025-10-03 14:18:17";"1";"1";NULL;"0";NULL;"0";"0";"1";"0";
"329";;"6873";"16";"6873-16.mov";"2025-10-03 14:18:26";"1";"1";NULL;"0";NULL;"0";"0";"1";"1";
"330";;"13735";"1";"13735-1.mov";"2025-10-03 14:19:03";"1";"1";NULL;"0";NULL;"0";"0";"1";"1";
"331";;"6873";"17";"6873-17.mp4";"2025-10-03 14:20:09";"1";"1";NULL;"0";NULL;"0";"0";"1";"0";
"332";;"6873";"18";"6873-18.mp4";"2025-10-03 14:20:27";"1";"1";NULL;"0";NULL;"0";"0";"1";"0";
"333";;"6873";"19";"6873-19.mp4";"2025-10-03 14:20:48";"1";"1";NULL;"0";NULL;"0";"0";"1";"0";
"334";;"6873";"20";"6873-20.mp4";"2025-10-03 14:20:49";"1";"1";NULL;"0";NULL;"0";"0";"1";"1";
"335";;"6873";"21";"6873-21.mov";"2025-10-03 14:22:25";"1";"1";NULL;"0";NULL;"0";"0";"1";"0";
"336";;"26181";"1";"26181-1.mov";"2025-10-03 14:24:20";"1";"1";NULL;"0";NULL;"0";"0";"1";"0";
"337";;"6873";"22";"6873-22.mov";"2025-10-03 14:28:23";"1";"1";NULL;"0";NULL;"0";"0";"1";"0";
"338";;"6873";"23";"6873-23.mov";"2025-10-03 14:30:40";"1";"1";NULL;"0";NULL;"0";"0";"1";"0";
"339";;"27814";"1";"27814-1.mov";"2025-10-03 14:34:15";"2";"1";NULL;"0";NULL;"0";"0";"1";"0";
"340";;"23056";"1";"23056-1.mov";"2025-10-03 14:36:18";"1";"1";NULL;"0";NULL;"0";"0";"1";"0";
"341";;"23056";"2";"23056-2.mov";"2025-10-03 14:36:22";"1";"1";NULL;"0";NULL;"0";"0";"1";"1";
"342";;"21591";"1";"21591-1.mp4";"2025-10-03 14:37:16";"2";"1";NULL;"0";NULL;"0";"0";"1";"0";
"343";;"11949";"1";"11949-1.mov";"2025-10-03 14:37:28";"1";"1";NULL;"0";NULL;"0";"0";"1";"0";"funny"
"344";;"21591";"2";"21591-2.mp4";"2025-10-03 14:37:34";"2";"1";NULL;"0";NULL;"0";"0";"1";"1";
"345";;"13605";"1";"13605-1.mov";"2025-10-03 14:41:05";"1";"1";NULL;"0";NULL;"0";"0";"1";"0";
"346";;"5110";"1";"5110-1.mov";"2025-10-03 14:56:01";"2";"1";NULL;"0";NULL;"0";"0";"1";"0";
"347";;"32372";"1";"32372-1.mov";"2025-10-03 14:57:07";"1";"1";NULL;"0";NULL;"0";"0";"1";"0";
"348";;"32372";"2";"32372-2.mov";"2025-10-03 14:57:12";"1";"1";NULL;"0";NULL;"0";"0";"1";"1";
"349";;"6431";"1";"6431-1.mp4";"2025-10-03 14:59:57";"1";"1";NULL;"0";NULL;"0";"0";"1";"0";
"350";;"21341";"1";"21341-1.mov";"2025-10-03 15:00:49";"2";"1";NULL;"0";NULL;"0";"0";"1";"0";
"351";;"24708";"1";"24708-1.mov";"2025-10-03 15:01:22";"2";"1";NULL;"0";NULL;"0";"0";"1";"0";
"352";;"5772";"1";"5772-1.mov";"2025-10-03 15:08:57";"1";"1";NULL;"0";NULL;"0";"0";"1";"0";
"353";;"2271";"1";"2271-1.mp4";"2025-10-03 15:09:09";"2";"1";NULL;"0";NULL;"0";"0";"1";"0";"kids"
"354";;"5064";"2";"5064-2.mp4";"2025-10-03 15:14:04";"1";"1";NULL;"0";NULL;"0";"0";"1";"0";
"355";;"27275";"1";"27275-1.mov";"2025-10-03 15:16:01";"1";"1";NULL;"0";NULL;"0";"0";"1";"0";
"356";;"9811";"1";"9811-1.mov";"2025-10-03 15:21:42";"1";"1";NULL;"0";NULL;"0";"0";"1";"0";
"357";;"2779";"6";"2779-6.mov";"2025-10-03 15:29:55";"2";"1";NULL;"0";NULL;"0";"0";"1";"0";
"358";;"2610";"1";"2610-1.mov";"2025-10-03 15:33:54";"1";"1";NULL;"0";NULL;"0";"0";"1";"0";"nur der BVB"
"359";;"5110";"2";"5110-2.mp4";"2025-10-03 15:33:56";"1";"1";NULL;"0";NULL;"0";"0";"1";"0";
"360";;"2610";"2";"2610-2.mov";"2025-10-03 15:35:41";"1";"1";NULL;"0";NULL;"0";"0";"1";"1";
"361";;"17796";"1";"17796-1.mov";"2025-10-03 15:42:45";"1";"1";NULL;"0";NULL;"0";"0";"1";"0";"Kind"
"362";;"17797";"1";"17797-1.mov";"2025-10-03 15:43:29";"1";"1";NULL;"0";NULL;"0";"0";"1";"0";
"363";;"17797";"2";"17797-2.mov";"2025-10-03 15:43:31";"1";"1";NULL;"0";NULL;"0";"0";"1";"1";
"364";;"17797";"3";"17797-3.mov";"2025-10-03 15:43:33";"1";"1";NULL;"0";NULL;"0";"0";"1";"1";
"365";;"17797";"4";"17797-4.mov";"2025-10-03 15:43:36";"1";"1";NULL;"0";NULL;"0";"0";"1";"1";
"366";;"13143";"1";"13143-1.mp4";"2025-10-03 15:47:25";"1";"1";NULL;"0";NULL;"0";"0";"1";"0";
"367";;"22440";"1";"22440-1.mp4";"2025-10-03 15:54:26";"1";"1";NULL;"0";NULL;"0";"0";"1";"0";"hund"
"368";;"11161";"1";"11161-1.mov";"2025-10-03 15:56:39";"1";"1";NULL;"0";NULL;"0";"0";"1";"0";
"369";;"6431";"2";"6431-2.mov";"2025-10-03 16:01:51";"1";"1";NULL;"0";NULL;"0";"0";"1";"0";
"370";;"13735";"2";"13735-2.mov";"2025-10-03 16:04:49";"1";"1";NULL;"0";NULL;"0";"0";"1";"1";
"371";;"17745";"1";"17745-1.mov";"2025-10-03 16:10:57";"2";"1";NULL;"0";NULL;"0";"0";"1";"0";
"372";;"5333";"1";"5333-1.mp4";"2025-10-03 16:14:02";"1";"1";NULL;"0";NULL;"0";"0";"1";"0";
"373";;"2214";"1";"2214-1.mp4";"2025-10-03 16:14:22";"1";"1";NULL;"0";NULL;"0";"0";"1";"0";
"374";;"17745";"2";"17745-2.mov";"2025-10-03 16:14:40";"2";"1";NULL;"0";NULL;"0";"0";"1";"1";
"375";;"17745";"3";"17745-3.mov";"2025-10-03 16:14:55";"2";"1";NULL;"0";NULL;"0";"0";"1";"1";
"376";;"9278";"1";"9278-1.mp4";"2025-10-03 16:15:38";"1";"1";NULL;"0";NULL;"0";"0";"1";"0";
"377";;"6873";"24";"6873-24.mov";"2025-10-03 16:21:15";"1";"1";NULL;"0";NULL;"0";"0";"1";"0";
"378";;"6873";"25";"6873-25.mov";"2025-10-03 16:23:31";"1";"1";NULL;"0";NULL;"0";"0";"1";"0";
"379";;"6873";"26";"6873-26.mov";"2025-10-03 16:24:00";"1";"1";NULL;"0";NULL;"0";"0";"1";"1";
"380";;"13150";"2";"13150-2.mp4";"2025-10-03 16:25:32";"1";"1";NULL;"0";NULL;"0";"0";"1";"0";
"381";;"29635";"1";"29635-1.mov";"2025-10-03 16:29:55";"2";"1";NULL;"0";NULL;"0";"0";"1";"0";
"382";;"3112";"1";"3112-1.mp4";"2025-10-03 16:33:02";"1";"1";NULL;"0";NULL;"0";"0";"1";"0";
"383";;"6873";"27";"6873-27.mov";"2025-10-03 16:33:36";"2";"1";NULL;"0";NULL;"0";"0";"1";"0";
"384";;"6873";"28";"6873-28.mov";"2025-10-03 16:36:36";"2";"1";NULL;"0";NULL;"0";"0";"1";"0";
"385";;"6873";"29";"6873-29.mov";"2025-10-03 16:39:22";"2";"1";NULL;"0";NULL;"0";"0";"1";"1";
"386";;"6873";"30";"6873-30.mov";"2025-10-03 16:40:18";"1";"1";NULL;"0";NULL;"0";"0";"1";"1";
"387";;"5333";"2";"5333-2.mov";"2025-10-03 16:42:11";"1";"1";NULL;"0";NULL;"0";"0";"1";"0";
"388";;"15091";"1";"15091-1.mp4";"2025-10-03 16:43:42";"1";"1";NULL;"0";NULL;"0";"0";"1";"0";"go mama"
"389";;"3042";"1";"3042-1.mp4";"2025-10-03 16:48:08";"2";"1";NULL;"0";NULL;"0";"0";"1";"0";
"390";;"32238";"1";"32238-1.mov";"2025-10-03 16:49:00";"1";"1";NULL;"0";NULL;"0";"0";"1";"0";
"391";;"6873";"31";"6873-31.mov";"2025-10-03 16:50:27";"1";"1";NULL;"0";NULL;"0";"0";"1";"0";
"392";;"3229";"1";"3229-1.mov";"2025-10-03 16:52:11";"2";"1";NULL;"0";NULL;"0";"0";"1";"0";
"393";;"6873";"32";"6873-32.mov";"2025-10-03 16:56:14";"1";"1";NULL;"0";NULL;"0";"0";"1";"0";
"394";;"29427";"2";"29427-2.mp4";"2025-10-03 16:56:14";"1";"1";NULL;"0";NULL;"0";"0";"1";"0";
"395";;"6873";"33";"6873-33.mov";"2025-10-03 16:56:24";"1";"1";NULL;"0";NULL;"0";"0";"1";"1";
"396";;"6873";"34";"6873-34.mov";"2025-10-03 17:04:47";"1";"1";NULL;"0";NULL;"0";"0";"1";"0";
"397";;"305";"5";"305-5.mp4";"2025-10-03 17:09:50";"2";"1";NULL;"0";NULL;"0";"0";"1";"0";
"398";;"7524";"1";"7524-1.mp4";"2025-10-03 17:10:37";"2";"1";NULL;"0";NULL;"0";"0";"1";"0";
"399";;"26695";"1";"26695-1.mp4";"2025-10-03 17:12:14";"1";"1";NULL;"0";NULL;"0";"0";"1";"0";
"400";;"26695";"2";"26695-2.mp4";"2025-10-03 17:12:16";"1";"1";NULL;"0";NULL;"0";"0";"1";"1";
"401";;"26695";"2";"26695-2.mp4";"2025-10-03 17:12:16";"1";"1";NULL;"0";NULL;"0";"0";"1";"1";
"402";;"4261";"1";"4261-1.mp4";"2025-10-03 17:16:12";"1";"1";NULL;"0";NULL;"0";"0";"1";"0";
"403";;"8190";"1";"8190-1.mov";"2025-10-03 17:17:55";"1";"1";NULL;"0";NULL;"0";"0";"1";"0";
"404";;"35122";"2";"35122-2.mov";"2025-10-03 17:19:55";"1";"1";NULL;"0";NULL;"0";"0";"1";"0";
"405";;"28330";"1";"28330-1.MOV";"2025-10-03 17:22:28";"1";"1";NULL;"0";NULL;"0";"0";"1";"0";
"406";;"28696";"1";"28696-1.mov";"2025-10-03 17:23:20";"1";"1";NULL;"0";NULL;"0";"0";"1";"0";
"407";;"28696";"2";"28696-2.mov";"2025-10-03 17:23:42";"1";"1";NULL;"0";NULL;"0";"0";"1";"1";
"408";;"28694";"1";"28694-1.mov";"2025-10-03 17:24:30";"1";"1";NULL;"0";NULL;"0";"0";"1";"0";
"409";;"28327";"1";"28327-1.MOV";"2025-10-03 17:24:40";"1";"1";NULL;"0";NULL;"0";"0";"1";"0";
"410";;"6280";"1";"6280-1.MOV";"2025-10-03 17:25:30";"1";"1";NULL;"0";NULL;"0";"0";"1";"0";
"411";;"7569";"3";"7569-3.mov";"2025-10-03 17:27:35";"2";"1";NULL;"0";NULL;"0";"0";"1";"0";
"412";;"28464";"1";"28464-1.MOV";"2025-10-03 17:27:43";"1";"1";NULL;"0";NULL;"0";"0";"1";"0";
"413";;"28464";"2";"28464-2.MOV";"2025-10-03 17:27:45";"1";"1";NULL;"0";NULL;"0";"0";"1";"1";
"414";;"28464";"2";"28464-2.MOV";"2025-10-03 17:27:45";"1";"1";NULL;"0";NULL;"0";"0";"1";"1";
"415";;"6279";"1";"6279-1.mov";"2025-10-03 17:31:23";"2";"1";NULL;"0";NULL;"0";"0";"1";"0";
"416";;"18137";"1";"18137-1.mov";"2025-10-03 17:31:25";"1";"1";NULL;"0";NULL;"0";"0";"1";"0";"hund"
"417";;"11157";"4";"11157-4.mp4";"2025-10-03 17:33:01";"1";"1";NULL;"0";NULL;"0";"0";"1";"1";
"418";;"10801";"1";"10801-1.wmv";"2025-10-03 17:35:02";"2";"1";NULL;"0";NULL;"0";"0";"1";"0";
"419";;"1571";"1";"1571-1.mov";"2025-10-03 17:35:12";"1";"1";NULL;"0";NULL;"0";"0";"1";"0";
"420";;"18137";"2";"18137-2.mov";"2025-10-03 17:35:40";"1";"1";NULL;"0";NULL;"0";"0";"1";"0";
"421";;"18137";"3";"18137-3.mov";"2025-10-03 17:36:21";"1";"1";NULL;"0";NULL;"0";"0";"1";"1";
"422";;"21834";"1";"21834-1.mp4";"2025-10-03 17:36:42";"2";"1";NULL;"0";NULL;"0";"0";"1";"0";
"423";;"11238";"1";"11238-1.mov";"2025-10-03 17:38:05";"1";"1";NULL;"0";NULL;"0";"0";"1";"0";
"424";;"8744";"1";"8744-1.mov";"2025-10-03 17:41:02";"2";"1";NULL;"0";NULL;"0";"0";"1";"0";
"425";;"8744";"2";"8744-2.mov";"2025-10-03 17:41:29";"2";"1";NULL;"0";NULL;"0";"0";"1";"0";
"426";;"21834";"2";"21834-2.mp4";"2025-10-03 17:42:05";"2";"1";NULL;"0";NULL;"0";"0";"1";"1";
"427";;"16675";"1";"16675-1.mp4";"2025-10-03 17:47:12";"1";"1";NULL;"0";NULL;"0";"0";"1";"0";
"428";;"3401";"1";"3401-1.mov";"2025-10-03 17:47:42";"1";"1";NULL;"0";NULL;"0";"0";"1";"0";
"429";;"3401";"2";"3401-2.mov";"2025-10-03 17:47:46";"1";"1";NULL;"0";NULL;"0";"0";"1";"0";
"430";;"3401";"3";"3401-3.mov";"2025-10-03 17:47:50";"1";"1";NULL;"0";NULL;"0";"0";"1";"1";
"431";;"27849";"1";"27849-1.mp4";"2025-10-03 17:50:49";"2";"1";NULL;"0";NULL;"0";"0";"1";"0";
"432";;"12664";"1";"12664-1.mov";"2025-10-03 17:50:49";"1";"1";NULL;"0";NULL;"0";"0";"1";"0";"Hase"
"433";;"29427";"3";"29427-3.mov";"2025-10-03 17:51:25";"1";"1";NULL;"0";NULL;"0";"0";"1";"0";
"434";;"29599";"2";"29599-2.mp4";"2025-10-03 17:51:40";"1";"1";NULL;"0";NULL;"0";"0";"1";"0";
"435";;"29599";"3";"29599-3.mp4";"2025-10-03 17:52:09";"1";"1";NULL;"0";NULL;"0";"0";"1";"0";
"436";;"22223";"1";"22223-1.mp4";"2025-10-03 18:01:35";"2";"1";NULL;"0";NULL;"0";"0";"1";"0";
"437";;"18016";"1";"18016-1.mov";"2025-10-03 18:04:42";"2";"1";NULL;"0";NULL;"0";"0";"1";"0";
"438";;"22985";"1";"22985-1.mp4";"2025-10-03 18:08:27";"1";"1";NULL;"0";NULL;"0";"0";"1";"0";
"439";;"15014";"1";"15014-1.mp4";"2025-10-03 18:09:55";"1";"1";NULL;"0";NULL;"0";"0";"1";"0";"Party!"
"440";;"13443";"1";"13443-1.mov";"2025-10-03 18:11:23";"1";"1";NULL;"0";NULL;"0";"0";"1";"0";
"441";;"5779";"1";"5779-1.mov";"2025-10-03 18:11:58";"1";"1";NULL;"0";NULL;"0";"0";"1";"0";
"442";;"5779";"2";"5779-2.mov";"2025-10-03 18:12:00";"1";"1";NULL;"0";NULL;"0";"0";"1";"1";
"443";;"19605";"1";"19605-1.mp4";"2025-10-03 18:14:36";"2";"1";NULL;"0";NULL;"0";"0";"1";"0";
"444";;"8335";"1";"8335-1.mp4";"2025-10-03 18:18:45";"1";"1";NULL;"0";NULL;"0";"0";"1";"0";
"445";;"2752";"1";"2752-1.mp4";"2025-10-03 18:19:14";"1";"1";NULL;"0";NULL;"0";"0";"1";"0";
"446";;"543";"1";"543-1.mp4";"2025-10-03 18:22:35";"1";"1";NULL;"0";NULL;"0";"0";"1";"0";
"447";;"1688";"1";"1688-1.mov";"2025-10-03 18:22:55";"2";"1";NULL;"0";NULL;"0";"0";"1";"0";
"448";;"1698";"1";"1698-1.mov";"2025-10-03 18:25:35";"1";"1";NULL;"0";NULL;"0";"0";"1";"0";"international"
"449";;"25078";"1";"25078-1.mov";"2025-10-03 18:27:48";"2";"1";NULL;"0";NULL;"0";"0";"1";"0";
"450";;"28499";"2";"28499-2.mp4";"2025-10-03 18:28:28";"1";"1";NULL;"0";NULL;"0";"0";"1";"0";
"451";;"25414";"1";"25414-1.mov";"2025-10-03 18:29:31";"2";"1";NULL;"0";NULL;"0";"0";"1";"0";
"452";;"2779";"7";"2779-7.mp4";"2025-10-03 18:31:59";"1";"1";NULL;"0";NULL;"0";"0";"1";"0";
"453";;"12340";"2";"12340-2.mkv";"2025-10-03 18:35:04";"2";"1";NULL;"0";NULL;"0";"0";"1";"1";
"454";;"15920";"1";"15920-1.mov";"2025-10-03 18:36:17";"1";"1";NULL;"0";NULL;"0";"0";"1";"0";
"455";;"752";"1";"752-1.mov";"2025-10-03 18:36:59";"2";"1";NULL;"0";NULL;"0";"0";"1";"0";
"456";;"23643";"2";"23643-2.mp4";"2025-10-03 18:41:12";"1";"1";NULL;"0";NULL;"0";"0";"1";"0";
"457";;"22252";"1";"22252-1.mov";"2025-10-03 18:41:56";"1";"1";NULL;"0";NULL;"0";"0";"1";"0";
"458";;"8234";"1";"8234-1.mp4";"2025-10-03 18:46:37";"1";"1";NULL;"0";NULL;"0";"0";"1";"0";
"459";;"33109";"1";"33109-1.mov";"2025-10-03 18:49:02";"1";"1";NULL;"0";NULL;"0";"0";"1";"0";
"460";;"2779";"8";"2779-8.mov";"2025-10-03 18:53:42";"1";"1";NULL;"0";NULL;"0";"0";"1";"0";
"461";;"2779";"9";"2779-9.MOV";"2025-10-03 18:55:10";"1";"1";NULL;"0";NULL;"0";"0";"1";"0";
"462";;"932";"3";"932-3.mp4";"2025-10-03 18:58:18";"1";"1";NULL;"0";NULL;"0";"0";"1";"0";
"463";;"14401";"1";"14401-1.mov";"2025-10-03 19:01:50";"2";"1";NULL;"0";NULL;"0";"0";"1";"0";
"464";;"9461";"1";"9461-1.mp4";"2025-10-03 19:04:38";"2";"1";NULL;"0";NULL;"0";"0";"1";"0";
"465";;"10113";"1";"10113-1.mp4";"2025-10-03 19:05:46";"2";"1";NULL;"0";NULL;"0";"0";"1";"0";
"466";;"11238";"2";"11238-2.mp4";"2025-10-03 19:10:05";"1";"1";NULL;"0";NULL;"0";"0";"1";"1";
"467";;"23062";"1";"23062-1.mov";"2025-10-03 19:10:27";"1";"1";NULL;"0";NULL;"0";"0";"1";"0";
"468";;"23062";"2";"23062-2.mov";"2025-10-03 19:10:30";"1";"1";NULL;"0";NULL;"0";"0";"1";"1";
"469";;"29599";"4";"29599-4.mp4";"2025-10-03 19:10:36";"1";"1";NULL;"0";NULL;"0";"0";"1";"0";
"470";;"19000";"1";"19000-1.mp4";"2025-10-03 19:10:49";"1";"1";NULL;"0";NULL;"0";"0";"1";"0";
"471";;"24724";"1";"24724-1.mov";"2025-10-03 19:11:04";"1";"1";NULL;"0";NULL;"0";"0";"1";"0";"stimmung"
"472";;"29599";"5";"29599-5.mp4";"2025-10-03 19:11:46";"1";"1";NULL;"0";NULL;"0";"0";"1";"0";
"473";;"29266";"1";"29266-1.mov";"2025-10-03 19:11:58";"2";"1";NULL;"0";NULL;"0";"0";"1";"0";
"474";;"29266";"2";"29266-2.mov";"2025-10-03 19:12:09";"2";"1";NULL;"0";NULL;"0";"0";"1";"1";
"475";;"15366";"1";"15366-1.mov";"2025-10-03 19:13:46";"1";"1";NULL;"0";NULL;"0";"0";"1";"0";
"476";;"19099";"1";"19099-1.mp4";"2025-10-03 19:14:09";"1";"1";NULL;"0";NULL;"0";"0";"1";"0";
"477";;"15366";"2";"15366-2.mov";"2025-10-03 19:14:50";"1";"1";NULL;"0";NULL;"0";"0";"1";"1";
"478";;"22006";"1";"22006-1.mp4";"2025-10-03 19:16:00";"1";"1";NULL;"0";NULL;"0";"0";"1";"0";
"479";;"22006";"2";"22006-2.mp4";"2025-10-03 19:16:05";"1";"1";NULL;"0";NULL;"0";"0";"1";"1";
"480";;"8744";"3";"8744-3.mov";"2025-10-03 19:18:18";"1";"1";NULL;"0";NULL;"0";"0";"1";"0";
"481";;"22223";"2";"22223-2.mov";"2025-10-03 19:23:06";"1";"1";NULL;"0";NULL;"0";"0";"1";"0";
"482";;"22223";"3";"22223-3.mov";"2025-10-03 19:23:18";"1";"1";NULL;"0";NULL;"0";"0";"1";"1";
"483";;"32762";"1";"32762-1.mp4";"2025-10-03 19:27:45";"2";"1";NULL;"0";NULL;"0";"0";"1";"0";
"484";;"6297";"2";"6297-2.mp4";"2025-10-03 19:28:05";"1";"1";NULL;"0";NULL;"0";"0";"1";"0";
"485";;"24102";"2";"24102-2.mp4";"2025-10-03 19:28:27";"1";"1";NULL;"0";NULL;"0";"0";"1";"0";
"486";;"12340";"3";"12340-3.mp4";"2025-10-03 19:28:53";"1";"1";NULL;"0";NULL;"0";"0";"1";"0";"ohne ton"
"487";;"1236";"2";"1236-2.mp4";"2025-10-03 19:30:34";"1";"1";NULL;"0";NULL;"0";"0";"1";"0";
"488";;"9948";"1";"9948-1.mov";"2025-10-03 19:31:48";"1";"1";NULL;"0";NULL;"0";"0";"1";"0";
"489";;"24068";"1";"24068-1.MOV";"2025-10-03 19:34:11";"1";"1";NULL;"0";NULL;"0";"0";"1";"0";
"490";;"18554";"1";"18554-1.mov";"2025-10-03 19:34:25";"1";"1";NULL;"0";NULL;"0";"0";"1";"0";
"491";;"14466";"1";"14466-1.mov";"2025-10-03 19:38:02";"2";"1";NULL;"0";NULL;"0";"0";"1";"1";
"492";;"23056";"3";"23056-3.mp4";"2025-10-03 19:41:41";"1";"1";NULL;"0";NULL;"0";"0";"1";"0";"funny"
"493";;"23056";"4";"23056-4.mp4";"2025-10-03 19:41:46";"1";"1";NULL;"0";NULL;"0";"0";"1";"1";
"494";;"25461";"1";"25461-1.mp4";"2025-10-03 19:43:07";"1";"1";NULL;"0";NULL;"0";"0";"1";"0";
"495";;"14466";"2";"14466-2.mov";"2025-10-03 19:43:24";"2";"1";NULL;"0";NULL;"0";"0";"1";"0";
"496";;"18360";"1";"18360-1.mov";"2025-10-03 19:44:05";"1";"1";NULL;"0";NULL;"0";"0";"1";"0";
"497";;"16560";"1";"16560-1.mov";"2025-10-03 19:44:54";"1";"1";NULL;"0";NULL;"0";"0";"1";"0";
"498";;"14466";"3";"14466-3.mov";"2025-10-03 19:45:05";"2";"1";NULL;"0";NULL;"0";"0";"1";"1";
"499";;"23445";"1";"23445-1.mov";"2025-10-03 19:46:57";"1";"1";NULL;"0";NULL;"0";"0";"1";"0";"mid maske aus dem bett"
"500";;"9948";"2";"9948-2.mp4";"2025-10-03 19:48:35";"1";"1";NULL;"0";NULL;"0";"0";"1";"0";
"501";;"9948";"3";"9948-3.mp4";"2025-10-03 19:48:38";"1";"1";NULL;"0";NULL;"0";"0";"1";"1";
"502";;"25460";"1";"25460-1.mp4";"2025-10-03 19:48:39";"1";"1";NULL;"0";NULL;"0";"0";"1";"0";
"503";;"2779";"10";"2779-10.mov";"2025-10-03 19:48:45";"1";"1";NULL;"0";NULL;"0";"0";"1";"0";
"504";;"2779";"11";"2779-11.mp4";"2025-10-03 19:48:54";"1";"1";NULL;"0";NULL;"0";"0";"1";"1";
"505";;"13973";"1";"13973-1.mp4";"2025-10-03 19:49:24";"2";"1";NULL;"0";NULL;"0";"0";"1";"0";
"506";;"932";"4";"932-4.mov";"2025-10-03 19:50:09";"1";"1";NULL;"0";NULL;"0";"0";"1";"0";
"507";;"32133";"1";"32133-1.mp4";"2025-10-03 19:52:33";"1";"1";NULL;"0";NULL;"0";"0";"1";"0";
"508";;"3813";"1";"3813-1.mov";"2025-10-03 19:52:42";"1";"1";NULL;"0";NULL;"0";"0";"1";"0";
"509";;"3496";"1";"3496-1.mov";"2025-10-03 19:52:44";"1";"1";NULL;"0";NULL;"0";"0";"1";"0";
"510";;"32133";"2";"32133-2.mp4";"2025-10-03 19:52:52";"1";"1";NULL;"0";NULL;"0";"0";"1";"1";
"511";;"3033";"1";"3033-1.mov";"2025-10-03 19:55:18";"1";"1";NULL;"0";NULL;"0";"0";"1";"0";
"512";;"29050";"1";"29050-1.mov";"2025-10-03 19:55:51";"1";"1";NULL;"0";NULL;"0";"0";"1";"0";
"513";;"12551";"1";"12551-1.mp4";"2025-10-03 19:59:39";"1";"1";NULL;"0";NULL;"0";"0";"1";"0";
"514";;"19887";"1";"19887-1.mov";"2025-10-03 20:01:54";"2";"1";NULL;"0";NULL;"0";"0";"1";"0";
"515";;"4863";"2";"4863-2.mov";"2025-10-03 20:02:15";"1";"1";NULL;"0";NULL;"0";"0";"1";"0";
"516";;"14064";"1";"14064-1.MOV";"2025-10-03 20:02:36";"1";"1";NULL;"0";NULL;"0";"0";"1";"0";
"517";;"14064";"2";"14064-2.MOV";"2025-10-03 20:02:41";"1";"1";NULL;"0";NULL;"0";"0";"1";"1";
"518";;"14064";"3";"14064-3.MOV";"2025-10-03 20:02:45";"1";"1";NULL;"0";NULL;"0";"0";"1";"1";
"519";;"6297";"3";"6297-3.mp4";"2025-10-03 20:03:03";"1";"1";NULL;"0";NULL;"0";"0";"1";"0";
"520";;"14719";"1";"14719-1.mov";"2025-10-03 20:05:34";"1";"1";NULL;"0";NULL;"0";"0";"1";"0";"süß"
"521";;"14064";"4";"14064-4.MOV";"2025-10-03 20:06:21";"1";"1";NULL;"0";NULL;"0";"0";"1";"1";
"522";;"3033";"2";"3033-2.mp4";"2025-10-03 20:09:00";"1";"1";NULL;"0";NULL;"0";"0";"1";"0";
"523";;"6118";"1";"6118-1.mp4";"2025-10-03 20:12:45";"1";"1";NULL;"0";NULL;"0";"0";"1";"0";
"524";;"6118";"2";"6118-2.mp4";"2025-10-03 20:13:00";"1";"1";NULL;"0";NULL;"0";"0";"1";"1";
"525";;"9135";"2";"9135-2.MOV";"2025-10-03 20:15:23";"1";"1";NULL;"0";NULL;"0";"0";"1";"0";
"526";;"23568";"1";"23568-1.mov";"2025-10-03 20:16:30";"1";"1";NULL;"0";NULL;"0";"0";"1";"0";"kind für onkel"
"527";;"11747";"1";"11747-1.mov";"2025-10-03 20:17:54";"1";"1";NULL;"0";NULL;"0";"0";"1";"0";"Kids"
"528";;"14705";"1";"14705-1.mp4";"2025-10-03 20:23:00";"2";"1";NULL;"0";NULL;"0";"0";"1";"0";
"529";;"4892";"1";"4892-1.mov";"2025-10-03 20:26:56";"2";"1";NULL;"0";NULL;"0";"0";"1";"0";
"530";;"4437";"1";"4437-1.mov";"2025-10-03 20:28:09";"1";"1";NULL;"0";NULL;"0";"0";"1";"0";
"531";;"4886";"1";"4886-1.mov";"2025-10-03 20:28:14";"2";"1";NULL;"0";NULL;"0";"0";"1";"0";
"532";;"5748";"1";"5748-1.mov";"2025-10-03 20:29:12";"1";"1";NULL;"0";NULL;"0";"0";"1";"0";
"533";;"33085";"1";"33085-1.mov";"2025-10-03 20:30:15";"1";"1";NULL;"0";NULL;"0";"0";"1";"0";
"534";;"33085";"2";"33085-2.mov";"2025-10-03 20:30:21";"1";"1";NULL;"0";NULL;"0";"0";"1";"1";
"535";;"33085";"3";"33085-3.mov";"2025-10-03 20:30:29";"1";"1";NULL;"0";NULL;"0";"0";"1";"1";
"536";;"4055";"1";"4055-1.mp4";"2025-10-03 20:31:12";"1";"1";NULL;"0";NULL;"0";"0";"1";"0";
"537";;"4056";"1";"4056-1.mp4";"2025-10-03 20:31:40";"1";"1";NULL;"0";NULL;"0";"0";"1";"0";
"538";;"33088";"1";"33088-1.mov";"2025-10-03 20:32:01";"1";"1";NULL;"0";NULL;"0";"0";"1";"0";
"539";;"6297";"4";"6297-4.mp4";"2025-10-03 20:37:39";"2";"1";NULL;"0";NULL;"0";"0";"1";"0";
"540";;"3669";"1";"3669-1.mov";"2025-10-03 20:37:39";"2";"1";NULL;"0";NULL;"0";"0";"1";"0";
"541";;"13449";"1";"13449-1.mov";"2025-10-03 20:40:24";"2";"1";NULL;"0";NULL;"0";"0";"1";"0";
"542";;"7849";"1";"7849-1.mov";"2025-10-03 20:42:03";"1";"1";NULL;"0";NULL;"0";"0";"1";"0";
"543";;"7849";"2";"7849-2.mov";"2025-10-03 20:42:08";"1";"1";NULL;"0";NULL;"0";"0";"1";"1";
"544";;"114";"1";"114-1.mov";"2025-10-03 20:43:54";"2";"1";NULL;"0";NULL;"0";"0";"1";"0";"sommergrüße"
"545";;"114";"2";"114-2.mov";"2025-10-03 20:44:02";"2";"1";NULL;"0";NULL;"0";"0";"1";"0";
"546";;"3407";"1";"3407-1.mp4";"2025-10-03 20:45:46";"1";"1";NULL;"0";NULL;"0";"0";"1";"0";
"547";;"12711";"1";"12711-1.mov";"2025-10-03 20:50:05";"1";"1";NULL;"0";NULL;"0";"0";"1";"0";"ohne Ton"
"548";;"27714";"3";"27714-3.mov";"2025-10-03 20:51:55";"1";"1";NULL;"0";NULL;"0";"0";"1";"0";
"549";;"27714";"4";"27714-4.mov";"2025-10-03 20:52:12";"1";"1";NULL;"0";NULL;"0";"0";"1";"1";
"550";;"28143";"1";"28143-1.mp4";"2025-10-03 20:56:07";"1";"1";NULL;"0";NULL;"0";"0";"1";"0";
"551";;"5326";"4";"5326-4.MOV";"2025-10-03 20:59:43";"1";"1";NULL;"0";NULL;"0";"0";"1";"0";
"552";;"8912";"3";"8912-3.mov";"2025-10-03 21:11:30";"1";"1";NULL;"0";NULL;"0";"0";"1";"0";
"553";;"14668";"1";"14668-1.mov";"2025-10-03 21:11:53";"1";"1";NULL;"0";NULL;"0";"0";"1";"0";
"554";;"8913";"1";"8913-1.mov";"2025-10-03 21:12:23";"1";"1";NULL;"0";NULL;"0";"0";"1";"0";
"555";;"28999";"1";"28999-1.mov";"2025-10-03 21:15:55";"1";"1";NULL;"0";NULL;"0";"0";"1";"0";
"556";;"6297";"5";"6297-5.mp4";"2025-10-03 21:16:58";"1";"1";NULL;"0";NULL;"0";"0";"1";"0";
"557";;"14668";"2";"14668-2.mov";"2025-10-03 21:18:13";"1";"1";NULL;"0";NULL;"0";"0";"1";"1";
"558";;"28999";"2";"28999-2.mov";"2025-10-03 21:19:11";"1";"1";NULL;"0";NULL;"0";"0";"1";"1";
"559";;"22642";"1";"22642-1.mp4";"2025-10-03 21:29:22";"1";"1";NULL;"0";NULL;"0";"0";"1";"0";
"560";;"9185";"1";"9185-1.mp4";"2025-10-03 21:31:38";"2";"1";NULL;"0";NULL;"0";"0";"1";"0";
"561";;"9185";"2";"9185-2.mp4";"2025-10-03 21:31:44";"2";"1";NULL;"0";NULL;"0";"0";"1";"1";
"562";;"3042";"2";"3042-2.mp4";"2025-10-03 21:32:08";"1";"1";NULL;"0";NULL;"0";"0";"1";"0";
"563";;"9184";"1";"9184-1.mp4";"2025-10-03 21:32:29";"2";"1";NULL;"0";NULL;"0";"0";"1";"0";
"564";;"28999";"3";"28999-3.mov";"2025-10-03 21:36:23";"2";"1";NULL;"0";NULL;"0";"0";"1";"0";
"565";;"17981";"1";"17981-1.mp4";"2025-10-03 21:42:34";"1";"1";NULL;"0";NULL;"0";"0";"1";"0";
"566";;"21257";"1";"21257-1.mp4";"2025-10-03 21:42:54";"1";"1";NULL;"0";NULL;"0";"0";"1";"0";
"567";;"17980";"1";"17980-1.mp4";"2025-10-03 21:43:15";"1";"1";NULL;"0";NULL;"0";"0";"1";"0";
"568";;"17981";"2";"17981-2.mp4";"2025-10-03 21:43:32";"1";"1";NULL;"0";NULL;"0";"0";"1";"0";
"569";;"5203";"1";"5203-1.mov";"2025-10-03 21:45:32";"1";"1";NULL;"0";NULL;"0";"0";"1";"0";
"570";;"17980";"2";"17980-2.mov";"2025-10-03 21:48:16";"1";"1";NULL;"0";NULL;"0";"0";"1";"0";
"571";;"32020";"2";"32020-2.mov";"2025-10-03 21:51:59";"1";"1";NULL;"0";NULL;"0";"0";"1";"0";
"572";;"17831";"1";"17831-1.mov";"2025-10-03 21:52:05";"2";"1";NULL;"0";NULL;"0";"0";"1";"0";
"573";;"28197";"1";"28197-1.mov";"2025-10-03 21:52:27";"1";"1";NULL;"0";NULL;"0";"0";"1";"0";
"574";;"3042";"3";"3042-3.mov";"2025-10-03 21:53:05";"1";"1";NULL;"0";NULL;"0";"0";"1";"0";
"575";;"6297";"6";"6297-6.mp4";"2025-10-03 22:01:10";"1";"1";NULL;"0";NULL;"0";"0";"1";"0";
"576";;"23643";"3";"23643-3.mp4";"2025-10-03 22:01:24";"1";"1";NULL;"0";NULL;"0";"0";"1";"0";
"577";;"15095";"1";"15095-1.MOV";"2025-10-03 22:02:12";"1";"1";NULL;"0";NULL;"0";"0";"1";"0";
"578";;"3669";"2";"3669-2.mov";"2025-10-03 22:03:41";"2";"1";NULL;"0";NULL;"0";"0";"1";"1";
"579";;"14668";"3";"14668-3.mov";"2025-10-03 22:03:44";"1";"1";NULL;"0";NULL;"0";"0";"1";"0";"Tochter für Mama"
"580";;"8259";"1";"8259-1.mp4";"2025-10-03 22:05:12";"1";"1";NULL;"0";NULL;"0";"0";"1";"0";
"581";;"18137";"4";"18137-4.mp4";"2025-10-03 22:05:32";"1";"1";NULL;"0";NULL;"0";"0";"1";"0";"hunde"
"582";;"5787";"2";"5787-2.mp4";"2025-10-03 22:08:44";"1";"1";NULL;"0";NULL;"0";"0";"1";"0";
"583";;"778";"1";"778-1.mov";"2025-10-03 22:15:03";"2";"1";NULL;"0";NULL;"0";"0";"1";"0";
"584";;"4437";"2";"4437-2.mp4";"2025-10-03 22:15:26";"2";"1";NULL;"0";NULL;"0";"0";"1";"1";
"585";;"13025";"1";"13025-1.mov";"2025-10-03 22:17:12";"1";"1";NULL;"0";NULL;"0";"0";"1";"0";
"586";;"33109";"2";"33109-2.mov";"2025-10-03 22:18:10";"1";"1";NULL;"0";NULL;"0";"0";"1";"0";
"587";;"7985";"1";"7985-1.mp4";"2025-10-03 22:18:22";"1";"1";NULL;"0";NULL;"0";"0";"1";"0";
"588";;"2855";"1";"2855-1.mov";"2025-10-03 22:18:52";"1";"1";NULL;"0";NULL;"0";"0";"1";"0";
"589";;"33444";"2";"33444-2.mov";"2025-10-03 22:19:23";"2";"1";NULL;"0";NULL;"0";"0";"1";"0";
"590";;"2864";"1";"2864-1.mov";"2025-10-03 22:20:18";"1";"1";NULL;"0";NULL;"0";"0";"1";"0";
"591";;"33282";"1";"33282-1.mov";"2025-10-03 22:20:34";"1";"1";NULL;"0";NULL;"0";"0";"1";"0";
"592";;"24281";"1";"24281-1.mp4";"2025-10-03 22:20:53";"1";"1";NULL;"0";NULL;"0";"0";"1";"0";
"593";;"24010";"1";"24010-1.mp4";"2025-10-03 22:21:33";"1";"1";NULL;"0";NULL;"0";"0";"1";"0";
"594";;"4437";"3";"4437-3.mp4";"2025-10-03 22:25:16";"2";"1";NULL;"0";NULL;"0";"0";"1";"0";
"595";;"6549";"1";"6549-1.mov";"2025-10-03 22:27:55";"1";"1";NULL;"0";NULL;"0";"0";"1";"0";
"596";;"28084";"1";"28084-1.mp4";"2025-10-03 22:31:44";"1";"1";NULL;"0";NULL;"0";"0";"1";"0";
"597";;"33330";"1";"33330-1.mov";"2025-10-03 22:32:02";"1";"1";NULL;"0";NULL;"0";"0";"1";"0";
"598";;"994";"1";"994-1.mp4";"2025-10-03 22:33:40";"2";"1";NULL;"0";NULL;"0";"0";"1";"0";
"599";;"32658";"1";"32658-1.mov";"2025-10-03 22:34:00";"1";"1";NULL;"0";NULL;"0";"0";"1";"0";
"600";;"32658";"2";"32658-2.mov";"2025-10-03 22:34:04";"1";"1";NULL;"0";NULL;"0";"0";"1";"1";
"601";;"32658";"3";"32658-3.mov";"2025-10-03 22:34:09";"1";"1";NULL;"0";NULL;"0";"0";"1";"1";
"602";;"24561";"1";"24561-1.mp4";"2025-10-03 22:37:04";"1";"1";NULL;"0";NULL;"0";"0";"1";"0";
"603";;"16887";"1";"16887-1.mov";"2025-10-03 22:40:04";"1";"1";NULL;"0";NULL;"0";"0";"1";"0";"3d"
"604";;"12050";"1";"12050-1.mp4";"2025-10-03 22:41:04";"1";"1";NULL;"0";NULL;"0";"0";"1";"0";"norwegen"
"605";;"4278";"1";"4278-1.mp4";"2025-10-03 22:41:10";"2";"1";NULL;"0";NULL;"0";"0";"1";"0";
"606";;"27258";"1";"27258-1.mp4";"2025-10-03 22:43:01";"2";"1";NULL;"0";NULL;"0";"0";"1";"0";"Kids ... papa lauf"
"607";;"27258";"2";"27258-2.mp4";"2025-10-03 22:44:49";"2";"1";NULL;"0";NULL;"0";"0";"1";"0";
"608";;"13166";"1";"13166-1.mov";"2025-10-03 22:44:58";"2";"1";NULL;"0";NULL;"0";"0";"1";"0";
"609";;"25061";"1";"25061-1.mp4";"2025-10-03 22:45:56";"1";"1";NULL;"0";NULL;"0";"0";"1";"0";
"610";;"32658";"4";"32658-4.mov";"2025-10-03 22:49:27";"1";"1";NULL;"0";NULL;"0";"0";"1";"0";
"611";;"532";"3";"532-3.mov";"2025-10-03 22:53:57";"1";"1";NULL;"0";NULL;"0";"0";"1";"0";
"612";;"2192";"1";"2192-1.mov";"2025-10-03 22:55:21";"1";"1";NULL;"0";NULL;"0";"0";"1";"0";"International"
"613";;"4782";"1";"4782-1.mp4";"2025-10-03 22:55:52";"1";"1";NULL;"0";NULL;"0";"0";"1";"0";
"614";;"23337";"1";"23337-1.mp4";"2025-10-03 22:56:42";"1";"1";NULL;"0";NULL;"0";"0";"1";"0";
"615";;"2855";"2";"2855-2.mp4";"2025-10-03 22:58:06";"1";"1";NULL;"0";NULL;"0";"0";"1";"0";
"616";;"22322";"1";"22322-1.mov";"2025-10-03 22:59:22";"2";"1";NULL;"0";NULL;"0";"0";"1";"0";
"617";;"23377";"1";"23377-1.mov";"2025-10-03 23:03:24";"2";"1";NULL;"0";NULL;"0";"0";"1";"0";
"618";;"21488";"1";"21488-1.mov";"2025-10-03 23:04:21";"2";"1";NULL;"0";NULL;"0";"0";"1";"0";
"619";;"15261";"1";"15261-1.mp4";"2025-10-03 23:07:25";"2";"1";NULL;"0";NULL;"0";"0";"1";"0";
"620";;"15248";"1";"15248-1.mp4";"2025-10-03 23:08:05";"2";"1";NULL;"0";NULL;"0";"0";"1";"0";
"621";;"19036";"1";"19036-1.mp4";"2025-10-03 23:08:56";"2";"1";NULL;"0";NULL;"0";"0";"1";"0";
"622";;"16056";"1";"16056-1.mp4";"2025-10-03 23:09:41";"2";"1";NULL;"0";NULL;"0";"0";"1";"0";
"623";;"12564";"1";"12564-1.mp4";"2025-10-03 23:10:31";"2";"1";NULL;"0";NULL;"0";"0";"1";"0";
"624";;"14975";"1";"14975-1.mp4";"2025-10-03 23:11:17";"2";"1";NULL;"0";NULL;"0";"0";"1";"0";
"625";;"12657";"1";"12657-1.mp4";"2025-10-03 23:12:14";"2";"1";NULL;"0";NULL;"0";"0";"1";"0";
"626";;"26976";"1";"26976-1.mp4";"2025-10-03 23:13:35";"2";"1";NULL;"0";NULL;"0";"0";"1";"0";
"627";;"23376";"1";"23376-1.mov";"2025-10-03 23:21:07";"2";"1";NULL;"0";NULL;"0";"0";"1";"0";
"628";;"23376";"2";"23376-2.mov";"2025-10-03 23:21:35";"2";"1";NULL;"0";NULL;"0";"0";"1";"1";
"629";;"12987";"1";"12987-1.mov";"2025-10-03 23:22:34";"1";"1";NULL;"0";NULL;"0";"0";"1";"0";
"630";;"17734";"1";"17734-1.mp4";"2025-10-03 23:23:19";"1";"1";NULL;"0";NULL;"0";"0";"1";"0";
"631";;"12987";"2";"12987-2.mov";"2025-10-03 23:23:25";"1";"1";NULL;"0";NULL;"0";"0";"1";"0";
"632";;"21018";"2";"21018-2.mov";"2025-10-03 23:26:09";"1";"1";NULL;"0";NULL;"0";"0";"1";"0";
"633";;"32678";"1";"32678-1.mov";"2025-10-03 23:28:11";"1";"1";NULL;"0";NULL;"0";"0";"1";"0";
"634";;"17751";"1";"17751-1.mov";"2025-10-03 23:28:49";"2";"1";NULL;"0";NULL;"0";"0";"1";"0";
"635";;"17748";"1";"17748-1.mov";"2025-10-03 23:29:13";"2";"1";NULL;"0";NULL;"0";"0";"1";"0";
"636";;"17750";"1";"17750-1.mov";"2025-10-03 23:30:03";"2";"1";NULL;"0";NULL;"0";"0";"1";"0";
"637";;"25804";"2";"25804-2.mov";"2025-10-03 23:30:10";"1";"1";NULL;"0";NULL;"0";"0";"1";"0";
"638";;"21488";"2";"21488-2.mov";"2025-10-03 23:30:23";"1";"1";NULL;"0";NULL;"0";"0";"1";"0";
"639";;"14394";"1";"14394-1.mov";"2025-10-03 23:30:55";"1";"1";NULL;"0";NULL;"0";"0";"1";"0";"BEST BEST EVER"
"640";;"14426";"1";"14426-1.mp4";"2025-10-03 23:31:56";"2";"1";NULL;"0";NULL;"0";"0";"1";"0";"International"
"641";;"17751";"2";"17751-2.mov";"2025-10-03 23:32:16";"2";"1";NULL;"0";NULL;"0";"0";"1";"1";
"642";;"23377";"2";"23377-2.mov";"2025-10-03 23:32:18";"1";"1";NULL;"0";NULL;"0";"0";"1";"0";
"643";;"35188";"1";"35188-1.mp4";"2025-10-03 23:32:31";"2";"1";NULL;"0";NULL;"0";"0";"1";"0";
"644";;"17748";"2";"17748-2.mov";"2025-10-03 23:32:40";"2";"1";NULL;"0";NULL;"0";"0";"1";"0";
"645";;"23377";"3";"23377-3.mov";"2025-10-03 23:32:48";"1";"1";NULL;"0";NULL;"0";"0";"1";"1";
"646";;"23376";"3";"23376-3.mov";"2025-10-03 23:33:29";"1";"1";NULL;"0";NULL;"0";"0";"1";"0";
"647";;"23376";"4";"23376-4.mov";"2025-10-03 23:33:39";"1";"1";NULL;"0";NULL;"0";"0";"1";"1";
"648";;"21488";"3";"21488-3.mov";"2025-10-03 23:34:06";"1";"1";NULL;"0";NULL;"0";"0";"1";"1";
"649";;"17751";"3";"17751-3.mov";"2025-10-03 23:35:26";"2";"1";NULL;"0";NULL;"0";"0";"1";"1";
"650";;"17748";"3";"17748-3.mov";"2025-10-03 23:35:48";"2";"1";NULL;"0";NULL;"0";"0";"1";"1";
"651";;"29427";"4";"29427-4.mp4";"2025-10-03 23:37:14";"1";"1";NULL;"0";NULL;"0";"0";"1";"0";
"652";;"17748";"4";"17748-4.mov";"2025-10-03 23:37:53";"2";"1";NULL;"0";NULL;"0";"0";"1";"1";
"653";;"17751";"4";"17751-4.mov";"2025-10-03 23:38:29";"2";"1";NULL;"0";NULL;"0";"0";"1";"1";
"654";;"17750";"2";"17750-2.mov";"2025-10-03 23:38:51";"2";"1";NULL;"0";NULL;"0";"0";"1";"1";
"655";;"6526";"1";"6526-1.mov";"2025-10-03 23:44:02";"1";"1";NULL;"0";NULL;"0";"0";"1";"0";
"656";;"6297";"7";"6297-7.mp4";"2025-10-03 23:47:47";"1";"1";NULL;"0";NULL;"0";"0";"1";"0";
"657";;"5084";"1";"5084-1.mov";"2025-10-03 23:47:56";"1";"1";NULL;"0";NULL;"0";"0";"1";"0";
"658";;"9709";"1";"9709-1.MOV";"2025-10-03 23:48:37";"1";"1";NULL;"0";NULL;"0";"0";"1";"0";
"659";;"6522";"1";"6522-1.mp4";"2025-10-03 23:50:16";"1";"1";NULL;"0";NULL;"0";"0";"1";"0";
"660";;"27140";"1";"27140-1.mp4";"2025-10-03 23:51:44";"2";"1";NULL;"0";NULL;"0";"0";"1";"0";
"661";;"32834";"1";"32834-1.mov";"2025-10-03 23:53:24";"1";"1";NULL;"0";NULL;"0";"0";"1";"0";
"662";;"3597";"2";"3597-2.mov";"2025-10-03 23:56:06";"1";"1";NULL;"0";NULL;"0";"0";"1";"0";
"663";;"22379";"1";"22379-1.mov";"2025-10-03 23:57:09";"2";"1";NULL;"0";NULL;"0";"0";"1";"0";
"664";;"9907";"1";"9907-1.mp4";"2025-10-03 23:58:49";"2";"1";NULL;"0";NULL;"0";"0";"1";"0";
"665";;"27260";"1";"27260-1.mp4";"2025-10-03 23:59:55";"2";"1";NULL;"0";NULL;"0";"0";"1";"0";
"666";;"23569";"1";"23569-1.mov";"2025-10-04 07:37:34";"2";"1";NULL;"0";NULL;"0";"0";"1";"0";
"667";;"23569";"2";"23569-2.mov";"2025-10-04 12:22:37";"2";"1";NULL;"0";NULL;"0";"0";"1";"0";
